-- phpMyAdmin SQL Dump
-- version 5.2.1
-- https://www.phpmyadmin.net/
--
-- Host: 127.0.0.1
-- Generation Time: Nov 03, 2024 at 04:15 PM
-- Server version: 10.4.32-MariaDB
-- PHP Version: 8.2.12

SET SQL_MODE = "NO_AUTO_VALUE_ON_ZERO";
START TRANSACTION;
SET time_zone = "+00:00";


/*!40101 SET @OLD_CHARACTER_SET_CLIENT=@@CHARACTER_SET_CLIENT */;
/*!40101 SET @OLD_CHARACTER_SET_RESULTS=@@CHARACTER_SET_RESULTS */;
/*!40101 SET @OLD_COLLATION_CONNECTION=@@COLLATION_CONNECTION */;
/*!40101 SET NAMES utf8mb4 */;

--
-- Database: `dbcon`
--

-- --------------------------------------------------------

--
-- Table structure for table `address`
--

CREATE TABLE `address` (
  `location_id` int(11) NOT NULL,
  `street` varchar(255) DEFAULT NULL,
  `district` varchar(255) DEFAULT NULL,
  `province` varchar(255) DEFAULT NULL,
  `postal_code` varchar(10) DEFAULT NULL,
  `update_at` timestamp NOT NULL DEFAULT current_timestamp() ON UPDATE current_timestamp()
) ENGINE=InnoDB DEFAULT CHARSET=utf8mb4 COLLATE=utf8mb4_general_ci;

--
-- Dumping data for table `address`
--

INSERT INTO `address` (`location_id`, `street`, `district`, `province`, `postal_code`, `update_at`) VALUES
(1, 'Phetchaburi Rd.', 'Ratchathewi', 'Bangkok', '10400', '2024-10-03 06:07:40'),
(16, 'Phahonyothin Rd', 'Chatuchak', 'Bangkok ', '10900', '2024-10-05 18:51:47'),
(18, 'Rama I Rd', 'Pathum Wan', 'Bangkok ', '10330', '2024-10-12 07:06:51'),
(19, 'Pakprak road', 'Mueng', 'Kanchanaburi', '71000', '2024-10-30 10:09:47'),
(20, 'Ladprao Street', 'Bangkapi', 'Bangkok', '10240', '2024-10-30 17:50:33'),
(21, 'Ban Phong', 'BanPong', 'Ratchaburi', '737800', '2024-11-01 08:40:42'),
(22, 'Sapanpla', 'Sapanthong', 'Samutprakarn', '810247', '2024-11-01 09:03:57');

-- --------------------------------------------------------

--
-- Table structure for table `detail_orders`
--

CREATE TABLE `detail_orders` (
  `detail_order_id` int(11) NOT NULL,
  `order_id` int(11) DEFAULT NULL,
  `listproduct_id` int(11) DEFAULT NULL,
  `quantity_set` int(11) NOT NULL,
  `price` decimal(10,2) NOT NULL,
  `update_at` timestamp NULL DEFAULT NULL ON UPDATE current_timestamp()
) ENGINE=InnoDB DEFAULT CHARSET=utf8mb4 COLLATE=utf8mb4_general_ci;

--
-- Dumping data for table `detail_orders`
--

INSERT INTO `detail_orders` (`detail_order_id`, `order_id`, `listproduct_id`, `quantity_set`, `price`, `update_at`) VALUES
(127, 104, 14, 1, 1.00, NULL),
(128, 104, 17, 2, 200.00, NULL),
(129, 104, 18, 1, 450.00, NULL),
(130, 104, 20, 1, 400.00, NULL),
(131, 105, 14, 1, 1.00, NULL),
(132, 105, 20, 1, 400.00, NULL),
(133, 105, 22, 1, 600.00, NULL),
(134, 106, 14, 10, 1.00, NULL),
(135, 107, 14, 1, 1.00, NULL),
(136, 108, 14, 3, 1.00, NULL),
(137, 109, 14, 1, 1.00, NULL),
(138, 110, 14, 1, 1.00, NULL),
(139, 111, 14, 3, 1.00, NULL),
(140, 112, 14, 1, 1.00, NULL),
(141, 113, 14, 1, 1.00, NULL),
(142, 114, 14, 1, 1.00, NULL),
(143, 116, 14, 3, 1.00, NULL),
(144, 117, 14, 2, 1.00, NULL),
(145, 118, 14, 1, 1.00, NULL),
(146, 119, 14, 4, 1.00, NULL),
(147, 120, 14, 3, 1.00, NULL),
(148, 121, 14, 1, 1.00, NULL),
(149, 122, 14, 1, 1.00, NULL),
(150, 123, 14, 6, 1.00, NULL),
(151, 124, 14, 5, 1.00, NULL),
(152, 125, 14, 3, 1.00, NULL),
(153, 126, 14, 7, 1.00, NULL),
(154, 127, 14, 1, 1.00, NULL),
(155, 128, 14, 4, 1.00, NULL),
(156, 129, 14, 3, 1.00, NULL),
(157, 130, 14, 3, 1.00, NULL),
(158, 131, 14, 3, 1.00, NULL),
(159, 132, 14, 2, 1.00, NULL),
(160, 133, 14, 5, 250.00, NULL),
(161, 134, 14, 1, 250.00, NULL),
(162, 135, 14, 5, 250.00, NULL);

-- --------------------------------------------------------

--
-- Table structure for table `issue_orders`
--

CREATE TABLE `issue_orders` (
  `issue_id` int(11) NOT NULL,
  `order_id` int(11) NOT NULL,
  `issue_type` enum('missing_item','damaged_item','incorrect_item') NOT NULL,
  `issue_description` text NOT NULL,
  `resolution_type` enum('refund','return_item') NOT NULL,
  `resolution_info` text DEFAULT NULL,
  `resolution_image` blob DEFAULT NULL,
  `report_date` datetime NOT NULL,
  `resolution_date` datetime DEFAULT NULL
) ENGINE=InnoDB DEFAULT CHARSET=utf8mb4 COLLATE=utf8mb4_general_ci;

--
-- Dumping data for table `issue_orders`
--

INSERT INTO `issue_orders` (`issue_id`, `order_id`, `issue_type`, `issue_description`, `resolution_type`, `resolution_info`, `resolution_image`, `report_date`, `resolution_date`) VALUES
(1, 104, 'missing_item', 'Missing CofeeBlend', 'return_item', NULL, NULL, '2024-10-31 08:48:37', NULL);

-- --------------------------------------------------------

--
-- Table structure for table `orders`
--

CREATE TABLE `orders` (
  `order_id` int(11) NOT NULL,
  `store_id` int(11) DEFAULT NULL,
  `order_status` enum('paid','confirm','cancel','shipped','delivered','issue','refund','return_shipped','completed') DEFAULT NULL,
  `total_amount` decimal(10,2) NOT NULL,
  `order_date` timestamp NOT NULL DEFAULT current_timestamp(),
  `shipping_date` timestamp NULL DEFAULT NULL,
  `delivered_date` timestamp NULL DEFAULT NULL,
  `cancel_info` text DEFAULT NULL,
  `cancel_pic` blob DEFAULT NULL,
  `barcode` varchar(255) DEFAULT NULL,
  `barcode_pic` blob DEFAULT NULL
) ENGINE=InnoDB DEFAULT CHARSET=utf8mb4 COLLATE=utf8mb4_general_ci;

--
-- Dumping data for table `orders`
--

INSERT INTO `orders` (`order_id`, `store_id`, `order_status`, `total_amount`, `order_date`, `shipping_date`, `delivered_date`, `cancel_info`, `cancel_pic`, `barcode`, `barcode_pic`) VALUES
(104, 18, 'delivered', 1251.00, '2024-10-24 14:14:30', '2024-10-24 15:26:46', NULL, NULL, NULL, '671a6736cfa9c4633', ''),
(105, 13, 'shipped', 1001.00, '2024-10-24 14:41:23', '2024-10-24 15:21:50', NULL, NULL, NULL, '671a660e58e343678', ''),
(106, 13, 'shipped', 10.00, '2024-10-24 15:41:53', '2024-10-24 16:11:34', NULL, NULL, NULL, '671a71b62103d6111', ''),
(107, 13, 'cancel', 1.00, '2024-10-24 15:42:42', NULL, NULL, 'wrong price', 0x7368696f72692073616e2e6a7067, NULL, NULL),
(108, 13, 'shipped', 3.00, '2024-10-24 16:08:59', '2024-10-24 16:11:27', NULL, NULL, NULL, '671a71aef199c8991', ''),
(109, 13, 'shipped', 1.00, '2024-10-24 16:14:02', '2024-10-24 16:21:44', NULL, NULL, NULL, '671a7418505702329', ''),
(110, 13, 'shipped', 1.00, '2024-10-24 16:16:24', '2024-10-24 16:16:41', NULL, NULL, NULL, '671a72e97c4347139', ''),
(111, 13, 'shipped', 3.00, '2024-10-24 16:22:08', '2024-10-24 16:22:29', NULL, NULL, NULL, '671a7445c620a4010', ''),
(112, 13, 'shipped', 1.00, '2024-10-24 16:26:10', '2024-10-24 16:40:02', NULL, NULL, NULL, '671a7862ace7e3890', ''),
(113, 13, 'shipped', 1.00, '2024-10-24 16:40:31', '2024-10-24 16:46:03', NULL, NULL, NULL, '671a79cb29ac49083', ''),
(114, 13, 'shipped', 1.00, '2024-10-24 16:45:55', '2024-10-24 16:55:43', NULL, NULL, NULL, '671a7c0f4e2377223', ''),
(116, 13, 'shipped', 3.00, '2024-10-24 17:01:54', '2024-10-24 17:03:00', NULL, NULL, NULL, '671a7dc4098558440', ''),
(117, 13, 'shipped', 2.00, '2024-10-24 17:06:34', '2024-10-24 17:10:59', NULL, NULL, NULL, '671a7fa3632c14190', ''),
(118, 13, 'shipped', 1.00, '2024-10-24 17:11:25', '2024-10-24 17:23:32', NULL, NULL, NULL, '671a8294a8bce6049', ''),
(119, 13, 'shipped', 4.00, '2024-10-24 17:23:45', '2024-10-24 17:24:02', NULL, NULL, NULL, '671a82b2e6a6d5954', ''),
(120, 13, 'shipped', 3.00, '2024-10-24 17:26:08', '2024-10-24 17:36:14', NULL, NULL, NULL, '671a858e863421378', ''),
(121, 13, 'shipped', 1.00, '2024-10-24 17:37:53', '2024-10-24 17:38:21', NULL, NULL, NULL, '671a860d15bb93663', ''),
(122, 13, 'shipped', 1.00, '2024-10-24 17:46:02', '2024-10-24 17:52:55', NULL, NULL, NULL, '671a8977ed53a6038', 0x3c646976207374796c653d22666f6e742d73697a653a303b706f736974696f6e3a72656c61746976653b77696474683a34323270783b6865696768743a333070783b223e0d0a3c646976207374796c653d226261636b67726f756e642d636f6c6f723a72676228302c302c30293b77696474683a3470783b6865696768743a333070783b706f736974696f6e3a6162736f6c7574653b6c6566743a3070783b746f703a30223e266e6273703b3c2f6469763e0d0a3c646976207374796c653d226261636b67726f756e642d636f6c6f723a72676228302c302c30293b77696474683a3270783b6865696768743a333070783b706f736974696f6e3a6162736f6c7574653b6c6566743a3670783b746f703a30223e266e6273703b3c2f6469763e0d0a3c646976207374796c653d226261636b67726f756e642d636f6c6f723a72676228302c302c30293b77696474683a3270783b6865696768743a333070783b706f736974696f6e3a6162736f6c7574653b6c6566743a313270783b746f703a30223e266e6273703b3c2f6469763e0d0a3c646976207374796c653d226261636b67726f756e642d636f6c6f723a72676228302c302c30293b77696474683a3470783b6865696768743a333070783b706f736974696f6e3a6162736f6c7574653b6c6566743a323270783b746f703a30223e266e6273703b3c2f6469763e0d0a3c646976207374796c653d226261636b67726f756e642d636f6c6f723a72676228302c302c30293b77696474683a3670783b6865696768743a333070783b706f736974696f6e3a6162736f6c7574653b6c6566743a333070783b746f703a30223e266e6273703b3c2f6469763e0d0a3c646976207374796c653d226261636b67726f756e642d636f6c6f723a72676228302c302c30293b77696474683a3270783b6865696768743a333070783b706f736974696f6e3a6162736f6c7574653b6c6566743a333870783b746f703a30223e266e6273703b3c2f6469763e0d0a3c646976207374796c653d226261636b67726f756e642d636f6c6f723a72676228302c302c30293b77696474683a3670783b6865696768743a333070783b706f736974696f6e3a6162736f6c7574653b6c6566743a343470783b746f703a30223e266e6273703b3c2f6469763e0d0a3c646976207374796c653d226261636b67726f756e642d636f6c6f723a72676228302c302c30293b77696474683a3470783b6865696768743a333070783b706f736974696f6e3a6162736f6c7574653b6c6566743a353270783b746f703a30223e266e6273703b3c2f6469763e0d0a3c646976207374796c653d226261636b67726f756e642d636f6c6f723a72676228302c302c30293b77696474683a3670783b6865696768743a333070783b706f736974696f6e3a6162736f6c7574653b6c6566743a353870783b746f703a30223e266e6273703b3c2f6469763e0d0a3c646976207374796c653d226261636b67726f756e642d636f6c6f723a72676228302c302c30293b77696474683a3270783b6865696768743a333070783b706f736974696f6e3a6162736f6c7574653b6c6566743a363670783b746f703a30223e266e6273703b3c2f6469763e0d0a3c646976207374796c653d226261636b67726f756e642d636f6c6f723a72676228302c302c30293b77696474683a3670783b6865696768743a333070783b706f736974696f6e3a6162736f6c7574653b6c6566743a373270783b746f703a30223e266e6273703b3c2f6469763e0d0a3c646976207374796c653d226261636b67726f756e642d636f6c6f723a72676228302c302c30293b77696474683a3470783b6865696768743a333070783b706f736974696f6e3a6162736f6c7574653b6c6566743a383270783b746f703a30223e266e6273703b3c2f6469763e0d0a3c646976207374796c653d226261636b67726f756e642d636f6c6f723a72676228302c302c30293b77696474683a3270783b6865696768743a333070783b706f736974696f6e3a6162736f6c7574653b6c6566743a383870783b746f703a30223e266e6273703b3c2f6469763e0d0a3c646976207374796c653d226261636b67726f756e642d636f6c6f723a72676228302c302c30293b77696474683a3270783b6865696768743a333070783b706f736974696f6e3a6162736f6c7574653b6c6566743a393470783b746f703a30223e266e6273703b3c2f6469763e0d0a3c646976207374796c653d226261636b67726f756e642d636f6c6f723a72676228302c302c30293b77696474683a3470783b6865696768743a333070783b706f736974696f6e3a6162736f6c7574653b6c6566743a393870783b746f703a30223e266e6273703b3c2f6469763e0d0a3c646976207374796c653d226261636b67726f756e642d636f6c6f723a72676228302c302c30293b77696474683a3270783b6865696768743a333070783b706f736974696f6e3a6162736f6c7574653b6c6566743a31313070783b746f703a30223e266e6273703b3c2f6469763e0d0a3c646976207374796c653d226261636b67726f756e642d636f6c6f723a72676228302c302c30293b77696474683a3670783b6865696768743a333070783b706f736974696f6e3a6162736f6c7574653b6c6566743a31313470783b746f703a30223e266e6273703b3c2f6469763e0d0a3c646976207374796c653d226261636b67726f756e642d636f6c6f723a72676228302c302c30293b77696474683a3870783b6865696768743a333070783b706f736974696f6e3a6162736f6c7574653b6c6566743a31323270783b746f703a30223e266e6273703b3c2f6469763e0d0a3c646976207374796c653d226261636b67726f756e642d636f6c6f723a72676228302c302c30293b77696474683a3470783b6865696768743a333070783b706f736974696f6e3a6162736f6c7574653b6c6566743a31333270783b746f703a30223e266e6273703b3c2f6469763e0d0a3c646976207374796c653d226261636b67726f756e642d636f6c6f723a72676228302c302c30293b77696474683a3470783b6865696768743a333070783b706f736974696f6e3a6162736f6c7574653b6c6566743a31333870783b746f703a30223e266e6273703b3c2f6469763e0d0a3c646976207374796c653d226261636b67726f756e642d636f6c6f723a72676228302c302c30293b77696474683a3870783b6865696768743a333070783b706f736974696f6e3a6162736f6c7574653b6c6566743a31343470783b746f703a30223e266e6273703b3c2f6469763e0d0a3c646976207374796c653d226261636b67726f756e642d636f6c6f723a72676228302c302c30293b77696474683a3870783b6865696768743a333070783b706f736974696f6e3a6162736f6c7574653b6c6566743a31353470783b746f703a30223e266e6273703b3c2f6469763e0d0a3c646976207374796c653d226261636b67726f756e642d636f6c6f723a72676228302c302c30293b77696474683a3670783b6865696768743a333070783b706f736974696f6e3a6162736f6c7574653b6c6566743a31363470783b746f703a30223e266e6273703b3c2f6469763e0d0a3c646976207374796c653d226261636b67726f756e642d636f6c6f723a72676228302c302c30293b77696474683a3270783b6865696768743a333070783b706f736974696f6e3a6162736f6c7574653b6c6566743a31373270783b746f703a30223e266e6273703b3c2f6469763e0d0a3c646976207374796c653d226261636b67726f756e642d636f6c6f723a72676228302c302c30293b77696474683a3270783b6865696768743a333070783b706f736974696f6e3a6162736f6c7574653b6c6566743a31373670783b746f703a30223e266e6273703b3c2f6469763e0d0a3c646976207374796c653d226261636b67726f756e642d636f6c6f723a72676228302c302c30293b77696474683a3870783b6865696768743a333070783b706f736974696f6e3a6162736f6c7574653b6c6566743a31383070783b746f703a30223e266e6273703b3c2f6469763e0d0a3c646976207374796c653d226261636b67726f756e642d636f6c6f723a72676228302c302c30293b77696474683a3670783b6865696768743a333070783b706f736974696f6e3a6162736f6c7574653b6c6566743a31393070783b746f703a30223e266e6273703b3c2f6469763e0d0a3c646976207374796c653d226261636b67726f756e642d636f6c6f723a72676228302c302c30293b77696474683a3270783b6865696768743a333070783b706f736974696f6e3a6162736f6c7574653b6c6566743a31393870783b746f703a30223e266e6273703b3c2f6469763e0d0a3c646976207374796c653d226261636b67726f756e642d636f6c6f723a72676228302c302c30293b77696474683a3470783b6865696768743a333070783b706f736974696f6e3a6162736f6c7574653b6c6566743a32303270783b746f703a30223e266e6273703b3c2f6469763e0d0a3c646976207374796c653d226261636b67726f756e642d636f6c6f723a72676228302c302c30293b77696474683a3270783b6865696768743a333070783b706f736974696f6e3a6162736f6c7574653b6c6566743a32313070783b746f703a30223e266e6273703b3c2f6469763e0d0a3c646976207374796c653d226261636b67726f756e642d636f6c6f723a72676228302c302c30293b77696474683a3270783b6865696768743a333070783b706f736974696f6e3a6162736f6c7574653b6c6566743a32323070783b746f703a30223e266e6273703b3c2f6469763e0d0a3c646976207374796c653d226261636b67726f756e642d636f6c6f723a72676228302c302c30293b77696474683a3270783b6865696768743a333070783b706f736974696f6e3a6162736f6c7574653b6c6566743a32333070783b746f703a30223e266e6273703b3c2f6469763e0d0a3c646976207374796c653d226261636b67726f756e642d636f6c6f723a72676228302c302c30293b77696474683a3470783b6865696768743a333070783b706f736974696f6e3a6162736f6c7574653b6c6566743a32333670783b746f703a30223e266e6273703b3c2f6469763e0d0a3c646976207374796c653d226261636b67726f756e642d636f6c6f723a72676228302c302c30293b77696474683a3470783b6865696768743a333070783b706f736974696f6e3a6162736f6c7574653b6c6566743a32343270783b746f703a30223e266e6273703b3c2f6469763e0d0a3c646976207374796c653d226261636b67726f756e642d636f6c6f723a72676228302c302c30293b77696474683a3670783b6865696768743a333070783b706f736974696f6e3a6162736f6c7574653b6c6566743a32343870783b746f703a30223e266e6273703b3c2f6469763e0d0a3c646976207374796c653d226261636b67726f756e642d636f6c6f723a72676228302c302c30293b77696474683a3270783b6865696768743a333070783b706f736974696f6e3a6162736f6c7574653b6c6566743a32353870783b746f703a30223e266e6273703b3c2f6469763e0d0a3c646976207374796c653d226261636b67726f756e642d636f6c6f723a72676228302c302c30293b77696474683a3470783b6865696768743a333070783b706f736974696f6e3a6162736f6c7574653b6c6566743a32363470783b746f703a30223e266e6273703b3c2f6469763e0d0a3c646976207374796c653d226261636b67726f756e642d636f6c6f723a72676228302c302c30293b77696474683a3270783b6865696768743a333070783b706f736974696f6e3a6162736f6c7574653b6c6566743a32373270783b746f703a30223e266e6273703b3c2f6469763e0d0a3c646976207374796c653d226261636b67726f756e642d636f6c6f723a72676228302c302c30293b77696474683a3670783b6865696768743a333070783b706f736974696f6e3a6162736f6c7574653b6c6566743a32373670783b746f703a30223e266e6273703b3c2f6469763e0d0a3c646976207374796c653d226261636b67726f756e642d636f6c6f723a72676228302c302c30293b77696474683a3270783b6865696768743a333070783b706f736974696f6e3a6162736f6c7574653b6c6566743a32383670783b746f703a30223e266e6273703b3c2f6469763e0d0a3c646976207374796c653d226261636b67726f756e642d636f6c6f723a72676228302c302c30293b77696474683a3270783b6865696768743a333070783b706f736974696f6e3a6162736f6c7574653b6c6566743a32393270783b746f703a30223e266e6273703b3c2f6469763e0d0a3c646976207374796c653d226261636b67726f756e642d636f6c6f723a72676228302c302c30293b77696474683a3470783b6865696768743a333070783b706f736974696f6e3a6162736f6c7574653b6c6566743a32393670783b746f703a30223e266e6273703b3c2f6469763e0d0a3c646976207374796c653d226261636b67726f756e642d636f6c6f723a72676228302c302c30293b77696474683a3270783b6865696768743a333070783b706f736974696f6e3a6162736f6c7574653b6c6566743a33303870783b746f703a30223e266e6273703b3c2f6469763e0d0a3c646976207374796c653d226261636b67726f756e642d636f6c6f723a72676228302c302c30293b77696474683a3670783b6865696768743a333070783b706f736974696f6e3a6162736f6c7574653b6c6566743a33313270783b746f703a30223e266e6273703b3c2f6469763e0d0a3c646976207374796c653d226261636b67726f756e642d636f6c6f723a72676228302c302c30293b77696474683a3870783b6865696768743a333070783b706f736974696f6e3a6162736f6c7574653b6c6566743a33323070783b746f703a30223e266e6273703b3c2f6469763e0d0a3c646976207374796c653d226261636b67726f756e642d636f6c6f723a72676228302c302c30293b77696474683a3670783b6865696768743a333070783b706f736974696f6e3a6162736f6c7574653b6c6566743a33333070783b746f703a30223e266e6273703b3c2f6469763e0d0a3c646976207374796c653d226261636b67726f756e642d636f6c6f723a72676228302c302c30293b77696474683a3870783b6865696768743a333070783b706f736974696f6e3a6162736f6c7574653b6c6566743a33333870783b746f703a30223e266e6273703b3c2f6469763e0d0a3c646976207374796c653d226261636b67726f756e642d636f6c6f723a72676228302c302c30293b77696474683a3270783b6865696768743a333070783b706f736974696f6e3a6162736f6c7574653b6c6566743a33343870783b746f703a30223e266e6273703b3c2f6469763e0d0a3c646976207374796c653d226261636b67726f756e642d636f6c6f723a72676228302c302c30293b77696474683a3270783b6865696768743a333070783b706f736974696f6e3a6162736f6c7574653b6c6566743a33353270783b746f703a30223e266e6273703b3c2f6469763e0d0a3c646976207374796c653d226261636b67726f756e642d636f6c6f723a72676228302c302c30293b77696474683a3470783b6865696768743a333070783b706f736974696f6e3a6162736f6c7574653b6c6566743a33363070783b746f703a30223e266e6273703b3c2f6469763e0d0a3c646976207374796c653d226261636b67726f756e642d636f6c6f723a72676228302c302c30293b77696474683a3270783b6865696768743a333070783b706f736974696f6e3a6162736f6c7574653b6c6566743a33373070783b746f703a30223e266e6273703b3c2f6469763e0d0a3c646976207374796c653d226261636b67726f756e642d636f6c6f723a72676228302c302c30293b77696474683a3270783b6865696768743a333070783b706f736974696f6e3a6162736f6c7574653b6c6566743a33373470783b746f703a30223e266e6273703b3c2f6469763e0d0a3c646976207374796c653d226261636b67726f756e642d636f6c6f723a72676228302c302c30293b77696474683a3470783b6865696768743a333070783b706f736974696f6e3a6162736f6c7574653b6c6566743a33383070783b746f703a30223e266e6273703b3c2f6469763e0d0a3c646976207374796c653d226261636b67726f756e642d636f6c6f723a72676228302c302c30293b77696474683a3270783b6865696768743a333070783b706f736974696f6e3a6162736f6c7574653b6c6566743a33393070783b746f703a30223e266e6273703b3c2f6469763e0d0a3c646976207374796c653d226261636b67726f756e642d636f6c6f723a72676228302c302c30293b77696474683a3470783b6865696768743a333070783b706f736974696f6e3a6162736f6c7574653b6c6566743a33393670783b746f703a30223e266e6273703b3c2f6469763e0d0a3c646976207374796c653d226261636b67726f756e642d636f6c6f723a72676228302c302c30293b77696474683a3670783b6865696768743a333070783b706f736974696f6e3a6162736f6c7574653b6c6566743a34303670783b746f703a30223e266e6273703b3c2f6469763e0d0a3c646976207374796c653d226261636b67726f756e642d636f6c6f723a72676228302c302c30293b77696474683a3270783b6865696768743a333070783b706f736974696f6e3a6162736f6c7574653b6c6566743a34313470783b746f703a30223e266e6273703b3c2f6469763e0d0a3c646976207374796c653d226261636b67726f756e642d636f6c6f723a72676228302c302c30293b77696474683a3470783b6865696768743a333070783b706f736974696f6e3a6162736f6c7574653b6c6566743a34313870783b746f703a30223e266e6273703b3c2f6469763e0d0a3c2f6469763e0d0a),
(123, 13, 'shipped', 6.00, '2024-10-24 17:56:55', '2024-10-24 17:57:40', NULL, NULL, NULL, '671a8a948a47b1767', 0x3c646976207374796c653d22666f6e742d73697a653a303b706f736974696f6e3a72656c61746976653b77696474683a34323270783b6865696768743a333070783b223e0d0a3c646976207374796c653d226261636b67726f756e642d636f6c6f723a72676228302c302c30293b77696474683a3470783b6865696768743a333070783b706f736974696f6e3a6162736f6c7574653b6c6566743a3070783b746f703a30223e266e6273703b3c2f6469763e0d0a3c646976207374796c653d226261636b67726f756e642d636f6c6f723a72676228302c302c30293b77696474683a3270783b6865696768743a333070783b706f736974696f6e3a6162736f6c7574653b6c6566743a3670783b746f703a30223e266e6273703b3c2f6469763e0d0a3c646976207374796c653d226261636b67726f756e642d636f6c6f723a72676228302c302c30293b77696474683a3270783b6865696768743a333070783b706f736974696f6e3a6162736f6c7574653b6c6566743a313270783b746f703a30223e266e6273703b3c2f6469763e0d0a3c646976207374796c653d226261636b67726f756e642d636f6c6f723a72676228302c302c30293b77696474683a3470783b6865696768743a333070783b706f736974696f6e3a6162736f6c7574653b6c6566743a323270783b746f703a30223e266e6273703b3c2f6469763e0d0a3c646976207374796c653d226261636b67726f756e642d636f6c6f723a72676228302c302c30293b77696474683a3670783b6865696768743a333070783b706f736974696f6e3a6162736f6c7574653b6c6566743a333070783b746f703a30223e266e6273703b3c2f6469763e0d0a3c646976207374796c653d226261636b67726f756e642d636f6c6f723a72676228302c302c30293b77696474683a3270783b6865696768743a333070783b706f736974696f6e3a6162736f6c7574653b6c6566743a333870783b746f703a30223e266e6273703b3c2f6469763e0d0a3c646976207374796c653d226261636b67726f756e642d636f6c6f723a72676228302c302c30293b77696474683a3670783b6865696768743a333070783b706f736974696f6e3a6162736f6c7574653b6c6566743a343470783b746f703a30223e266e6273703b3c2f6469763e0d0a3c646976207374796c653d226261636b67726f756e642d636f6c6f723a72676228302c302c30293b77696474683a3470783b6865696768743a333070783b706f736974696f6e3a6162736f6c7574653b6c6566743a353270783b746f703a30223e266e6273703b3c2f6469763e0d0a3c646976207374796c653d226261636b67726f756e642d636f6c6f723a72676228302c302c30293b77696474683a3670783b6865696768743a333070783b706f736974696f6e3a6162736f6c7574653b6c6566743a353870783b746f703a30223e266e6273703b3c2f6469763e0d0a3c646976207374796c653d226261636b67726f756e642d636f6c6f723a72676228302c302c30293b77696474683a3270783b6865696768743a333070783b706f736974696f6e3a6162736f6c7574653b6c6566743a363670783b746f703a30223e266e6273703b3c2f6469763e0d0a3c646976207374796c653d226261636b67726f756e642d636f6c6f723a72676228302c302c30293b77696474683a3670783b6865696768743a333070783b706f736974696f6e3a6162736f6c7574653b6c6566743a373270783b746f703a30223e266e6273703b3c2f6469763e0d0a3c646976207374796c653d226261636b67726f756e642d636f6c6f723a72676228302c302c30293b77696474683a3470783b6865696768743a333070783b706f736974696f6e3a6162736f6c7574653b6c6566743a383270783b746f703a30223e266e6273703b3c2f6469763e0d0a3c646976207374796c653d226261636b67726f756e642d636f6c6f723a72676228302c302c30293b77696474683a3270783b6865696768743a333070783b706f736974696f6e3a6162736f6c7574653b6c6566743a383870783b746f703a30223e266e6273703b3c2f6469763e0d0a3c646976207374796c653d226261636b67726f756e642d636f6c6f723a72676228302c302c30293b77696474683a3270783b6865696768743a333070783b706f736974696f6e3a6162736f6c7574653b6c6566743a393470783b746f703a30223e266e6273703b3c2f6469763e0d0a3c646976207374796c653d226261636b67726f756e642d636f6c6f723a72676228302c302c30293b77696474683a3470783b6865696768743a333070783b706f736974696f6e3a6162736f6c7574653b6c6566743a393870783b746f703a30223e266e6273703b3c2f6469763e0d0a3c646976207374796c653d226261636b67726f756e642d636f6c6f723a72676228302c302c30293b77696474683a3670783b6865696768743a333070783b706f736974696f6e3a6162736f6c7574653b6c6566743a31313070783b746f703a30223e266e6273703b3c2f6469763e0d0a3c646976207374796c653d226261636b67726f756e642d636f6c6f723a72676228302c302c30293b77696474683a3270783b6865696768743a333070783b706f736974696f6e3a6162736f6c7574653b6c6566743a31313870783b746f703a30223e266e6273703b3c2f6469763e0d0a3c646976207374796c653d226261636b67726f756e642d636f6c6f723a72676228302c302c30293b77696474683a3470783b6865696768743a333070783b706f736974696f6e3a6162736f6c7574653b6c6566743a31323470783b746f703a30223e266e6273703b3c2f6469763e0d0a3c646976207374796c653d226261636b67726f756e642d636f6c6f723a72676228302c302c30293b77696474683a3270783b6865696768743a333070783b706f736974696f6e3a6162736f6c7574653b6c6566743a31333270783b746f703a30223e266e6273703b3c2f6469763e0d0a3c646976207374796c653d226261636b67726f756e642d636f6c6f723a72676228302c302c30293b77696474683a3270783b6865696768743a333070783b706f736974696f6e3a6162736f6c7574653b6c6566743a31333870783b746f703a30223e266e6273703b3c2f6469763e0d0a3c646976207374796c653d226261636b67726f756e642d636f6c6f723a72676228302c302c30293b77696474683a3470783b6865696768743a333070783b706f736974696f6e3a6162736f6c7574653b6c6566743a31343270783b746f703a30223e266e6273703b3c2f6469763e0d0a3c646976207374796c653d226261636b67726f756e642d636f6c6f723a72676228302c302c30293b77696474683a3670783b6865696768743a333070783b706f736974696f6e3a6162736f6c7574653b6c6566743a31353470783b746f703a30223e266e6273703b3c2f6469763e0d0a3c646976207374796c653d226261636b67726f756e642d636f6c6f723a72676228302c302c30293b77696474683a3270783b6865696768743a333070783b706f736974696f6e3a6162736f6c7574653b6c6566743a31363470783b746f703a30223e266e6273703b3c2f6469763e0d0a3c646976207374796c653d226261636b67726f756e642d636f6c6f723a72676228302c302c30293b77696474683a3470783b6865696768743a333070783b706f736974696f6e3a6162736f6c7574653b6c6566743a31363870783b746f703a30223e266e6273703b3c2f6469763e0d0a3c646976207374796c653d226261636b67726f756e642d636f6c6f723a72676228302c302c30293b77696474683a3470783b6865696768743a333070783b706f736974696f6e3a6162736f6c7574653b6c6566743a31373670783b746f703a30223e266e6273703b3c2f6469763e0d0a3c646976207374796c653d226261636b67726f756e642d636f6c6f723a72676228302c302c30293b77696474683a3270783b6865696768743a333070783b706f736974696f6e3a6162736f6c7574653b6c6566743a31383470783b746f703a30223e266e6273703b3c2f6469763e0d0a3c646976207374796c653d226261636b67726f756e642d636f6c6f723a72676228302c302c30293b77696474683a3670783b6865696768743a333070783b706f736974696f6e3a6162736f6c7574653b6c6566743a31393070783b746f703a30223e266e6273703b3c2f6469763e0d0a3c646976207374796c653d226261636b67726f756e642d636f6c6f723a72676228302c302c30293b77696474683a3670783b6865696768743a333070783b706f736974696f6e3a6162736f6c7574653b6c6566743a31393870783b746f703a30223e266e6273703b3c2f6469763e0d0a3c646976207374796c653d226261636b67726f756e642d636f6c6f723a72676228302c302c30293b77696474683a3270783b6865696768743a333070783b706f736974696f6e3a6162736f6c7574653b6c6566743a32303670783b746f703a30223e266e6273703b3c2f6469763e0d0a3c646976207374796c653d226261636b67726f756e642d636f6c6f723a72676228302c302c30293b77696474683a3470783b6865696768743a333070783b706f736974696f6e3a6162736f6c7574653b6c6566743a32313270783b746f703a30223e266e6273703b3c2f6469763e0d0a3c646976207374796c653d226261636b67726f756e642d636f6c6f723a72676228302c302c30293b77696474683a3270783b6865696768743a333070783b706f736974696f6e3a6162736f6c7574653b6c6566743a32323070783b746f703a30223e266e6273703b3c2f6469763e0d0a3c646976207374796c653d226261636b67726f756e642d636f6c6f723a72676228302c302c30293b77696474683a3270783b6865696768743a333070783b706f736974696f6e3a6162736f6c7574653b6c6566743a32323670783b746f703a30223e266e6273703b3c2f6469763e0d0a3c646976207374796c653d226261636b67726f756e642d636f6c6f723a72676228302c302c30293b77696474683a3470783b6865696768743a333070783b706f736974696f6e3a6162736f6c7574653b6c6566743a32333070783b746f703a30223e266e6273703b3c2f6469763e0d0a3c646976207374796c653d226261636b67726f756e642d636f6c6f723a72676228302c302c30293b77696474683a3470783b6865696768743a333070783b706f736974696f6e3a6162736f6c7574653b6c6566743a32343270783b746f703a30223e266e6273703b3c2f6469763e0d0a3c646976207374796c653d226261636b67726f756e642d636f6c6f723a72676228302c302c30293b77696474683a3270783b6865696768743a333070783b706f736974696f6e3a6162736f6c7574653b6c6566743a32353070783b746f703a30223e266e6273703b3c2f6469763e0d0a3c646976207374796c653d226261636b67726f756e642d636f6c6f723a72676228302c302c30293b77696474683a3670783b6865696768743a333070783b706f736974696f6e3a6162736f6c7574653b6c6566743a32353670783b746f703a30223e266e6273703b3c2f6469763e0d0a3c646976207374796c653d226261636b67726f756e642d636f6c6f723a72676228302c302c30293b77696474683a3670783b6865696768743a333070783b706f736974696f6e3a6162736f6c7574653b6c6566743a32363470783b746f703a30223e266e6273703b3c2f6469763e0d0a3c646976207374796c653d226261636b67726f756e642d636f6c6f723a72676228302c302c30293b77696474683a3470783b6865696768743a333070783b706f736974696f6e3a6162736f6c7574653b6c6566743a32373270783b746f703a30223e266e6273703b3c2f6469763e0d0a3c646976207374796c653d226261636b67726f756e642d636f6c6f723a72676228302c302c30293b77696474683a3670783b6865696768743a333070783b706f736974696f6e3a6162736f6c7574653b6c6566743a32373870783b746f703a30223e266e6273703b3c2f6469763e0d0a3c646976207374796c653d226261636b67726f756e642d636f6c6f723a72676228302c302c30293b77696474683a3270783b6865696768743a333070783b706f736974696f6e3a6162736f6c7574653b6c6566743a32383670783b746f703a30223e266e6273703b3c2f6469763e0d0a3c646976207374796c653d226261636b67726f756e642d636f6c6f723a72676228302c302c30293b77696474683a3270783b6865696768743a333070783b706f736974696f6e3a6162736f6c7574653b6c6566743a32393270783b746f703a30223e266e6273703b3c2f6469763e0d0a3c646976207374796c653d226261636b67726f756e642d636f6c6f723a72676228302c302c30293b77696474683a3470783b6865696768743a333070783b706f736974696f6e3a6162736f6c7574653b6c6566743a33303270783b746f703a30223e266e6273703b3c2f6469763e0d0a3c646976207374796c653d226261636b67726f756e642d636f6c6f723a72676228302c302c30293b77696474683a3270783b6865696768743a333070783b706f736974696f6e3a6162736f6c7574653b6c6566743a33303870783b746f703a30223e266e6273703b3c2f6469763e0d0a3c646976207374796c653d226261636b67726f756e642d636f6c6f723a72676228302c302c30293b77696474683a3670783b6865696768743a333070783b706f736974696f6e3a6162736f6c7574653b6c6566743a33313270783b746f703a30223e266e6273703b3c2f6469763e0d0a3c646976207374796c653d226261636b67726f756e642d636f6c6f723a72676228302c302c30293b77696474683a3870783b6865696768743a333070783b706f736974696f6e3a6162736f6c7574653b6c6566743a33323070783b746f703a30223e266e6273703b3c2f6469763e0d0a3c646976207374796c653d226261636b67726f756e642d636f6c6f723a72676228302c302c30293b77696474683a3270783b6865696768743a333070783b706f736974696f6e3a6162736f6c7574653b6c6566743a33333070783b746f703a30223e266e6273703b3c2f6469763e0d0a3c646976207374796c653d226261636b67726f756e642d636f6c6f723a72676228302c302c30293b77696474683a3670783b6865696768743a333070783b706f736974696f6e3a6162736f6c7574653b6c6566743a33333670783b746f703a30223e266e6273703b3c2f6469763e0d0a3c646976207374796c653d226261636b67726f756e642d636f6c6f723a72676228302c302c30293b77696474683a3470783b6865696768743a333070783b706f736974696f6e3a6162736f6c7574653b6c6566743a33343670783b746f703a30223e266e6273703b3c2f6469763e0d0a3c646976207374796c653d226261636b67726f756e642d636f6c6f723a72676228302c302c30293b77696474683a3270783b6865696768743a333070783b706f736974696f6e3a6162736f6c7574653b6c6566743a33353270783b746f703a30223e266e6273703b3c2f6469763e0d0a3c646976207374796c653d226261636b67726f756e642d636f6c6f723a72676228302c302c30293b77696474683a3270783b6865696768743a333070783b706f736974696f6e3a6162736f6c7574653b6c6566743a33363270783b746f703a30223e266e6273703b3c2f6469763e0d0a3c646976207374796c653d226261636b67726f756e642d636f6c6f723a72676228302c302c30293b77696474683a3470783b6865696768743a333070783b706f736974696f6e3a6162736f6c7574653b6c6566743a33363670783b746f703a30223e266e6273703b3c2f6469763e0d0a3c646976207374796c653d226261636b67726f756e642d636f6c6f723a72676228302c302c30293b77696474683a3270783b6865696768743a333070783b706f736974696f6e3a6162736f6c7574653b6c6566743a33373470783b746f703a30223e266e6273703b3c2f6469763e0d0a3c646976207374796c653d226261636b67726f756e642d636f6c6f723a72676228302c302c30293b77696474683a3270783b6865696768743a333070783b706f736974696f6e3a6162736f6c7574653b6c6566743a33383070783b746f703a30223e266e6273703b3c2f6469763e0d0a3c646976207374796c653d226261636b67726f756e642d636f6c6f723a72676228302c302c30293b77696474683a3870783b6865696768743a333070783b706f736974696f6e3a6162736f6c7574653b6c6566743a33383470783b746f703a30223e266e6273703b3c2f6469763e0d0a3c646976207374796c653d226261636b67726f756e642d636f6c6f723a72676228302c302c30293b77696474683a3470783b6865696768743a333070783b706f736974696f6e3a6162736f6c7574653b6c6566743a33393670783b746f703a30223e266e6273703b3c2f6469763e0d0a3c646976207374796c653d226261636b67726f756e642d636f6c6f723a72676228302c302c30293b77696474683a3670783b6865696768743a333070783b706f736974696f6e3a6162736f6c7574653b6c6566743a34303670783b746f703a30223e266e6273703b3c2f6469763e0d0a3c646976207374796c653d226261636b67726f756e642d636f6c6f723a72676228302c302c30293b77696474683a3270783b6865696768743a333070783b706f736974696f6e3a6162736f6c7574653b6c6566743a34313470783b746f703a30223e266e6273703b3c2f6469763e0d0a3c646976207374796c653d226261636b67726f756e642d636f6c6f723a72676228302c302c30293b77696474683a3470783b6865696768743a333070783b706f736974696f6e3a6162736f6c7574653b6c6566743a34313870783b746f703a30223e266e6273703b3c2f6469763e0d0a3c2f6469763e0d0a),
(124, 13, 'shipped', 5.00, '2024-10-24 18:05:08', '2024-10-24 18:05:30', NULL, NULL, NULL, '671a8c6a820507042', 0x3c646976207374796c653d22666f6e742d73697a653a303b706f736974696f6e3a72656c61746976653b77696474683a33373870783b6865696768743a333070783b223e0d0a3c646976207374796c653d226261636b67726f756e642d636f6c6f723a72676228302c302c30293b77696474683a3470783b6865696768743a333070783b706f736974696f6e3a6162736f6c7574653b6c6566743a3070783b746f703a30223e266e6273703b3c2f6469763e0d0a3c646976207374796c653d226261636b67726f756e642d636f6c6f723a72676228302c302c30293b77696474683a3270783b6865696768743a333070783b706f736974696f6e3a6162736f6c7574653b6c6566743a3670783b746f703a30223e266e6273703b3c2f6469763e0d0a3c646976207374796c653d226261636b67726f756e642d636f6c6f723a72676228302c302c30293b77696474683a3270783b6865696768743a333070783b706f736974696f6e3a6162736f6c7574653b6c6566743a313270783b746f703a30223e266e6273703b3c2f6469763e0d0a3c646976207374796c653d226261636b67726f756e642d636f6c6f723a72676228302c302c30293b77696474683a3470783b6865696768743a333070783b706f736974696f6e3a6162736f6c7574653b6c6566743a323270783b746f703a30223e266e6273703b3c2f6469763e0d0a3c646976207374796c653d226261636b67726f756e642d636f6c6f723a72676228302c302c30293b77696474683a3670783b6865696768743a333070783b706f736974696f6e3a6162736f6c7574653b6c6566743a333070783b746f703a30223e266e6273703b3c2f6469763e0d0a3c646976207374796c653d226261636b67726f756e642d636f6c6f723a72676228302c302c30293b77696474683a3270783b6865696768743a333070783b706f736974696f6e3a6162736f6c7574653b6c6566743a333870783b746f703a30223e266e6273703b3c2f6469763e0d0a3c646976207374796c653d226261636b67726f756e642d636f6c6f723a72676228302c302c30293b77696474683a3670783b6865696768743a333070783b706f736974696f6e3a6162736f6c7574653b6c6566743a343470783b746f703a30223e266e6273703b3c2f6469763e0d0a3c646976207374796c653d226261636b67726f756e642d636f6c6f723a72676228302c302c30293b77696474683a3470783b6865696768743a333070783b706f736974696f6e3a6162736f6c7574653b6c6566743a353270783b746f703a30223e266e6273703b3c2f6469763e0d0a3c646976207374796c653d226261636b67726f756e642d636f6c6f723a72676228302c302c30293b77696474683a3670783b6865696768743a333070783b706f736974696f6e3a6162736f6c7574653b6c6566743a353870783b746f703a30223e266e6273703b3c2f6469763e0d0a3c646976207374796c653d226261636b67726f756e642d636f6c6f723a72676228302c302c30293b77696474683a3270783b6865696768743a333070783b706f736974696f6e3a6162736f6c7574653b6c6566743a363670783b746f703a30223e266e6273703b3c2f6469763e0d0a3c646976207374796c653d226261636b67726f756e642d636f6c6f723a72676228302c302c30293b77696474683a3670783b6865696768743a333070783b706f736974696f6e3a6162736f6c7574653b6c6566743a373270783b746f703a30223e266e6273703b3c2f6469763e0d0a3c646976207374796c653d226261636b67726f756e642d636f6c6f723a72676228302c302c30293b77696474683a3470783b6865696768743a333070783b706f736974696f6e3a6162736f6c7574653b6c6566743a383270783b746f703a30223e266e6273703b3c2f6469763e0d0a3c646976207374796c653d226261636b67726f756e642d636f6c6f723a72676228302c302c30293b77696474683a3270783b6865696768743a333070783b706f736974696f6e3a6162736f6c7574653b6c6566743a383870783b746f703a30223e266e6273703b3c2f6469763e0d0a3c646976207374796c653d226261636b67726f756e642d636f6c6f723a72676228302c302c30293b77696474683a3270783b6865696768743a333070783b706f736974696f6e3a6162736f6c7574653b6c6566743a393470783b746f703a30223e266e6273703b3c2f6469763e0d0a3c646976207374796c653d226261636b67726f756e642d636f6c6f723a72676228302c302c30293b77696474683a3470783b6865696768743a333070783b706f736974696f6e3a6162736f6c7574653b6c6566743a393870783b746f703a30223e266e6273703b3c2f6469763e0d0a3c646976207374796c653d226261636b67726f756e642d636f6c6f723a72676228302c302c30293b77696474683a3670783b6865696768743a333070783b706f736974696f6e3a6162736f6c7574653b6c6566743a31313070783b746f703a30223e266e6273703b3c2f6469763e0d0a3c646976207374796c653d226261636b67726f756e642d636f6c6f723a72676228302c302c30293b77696474683a3270783b6865696768743a333070783b706f736974696f6e3a6162736f6c7574653b6c6566743a31313870783b746f703a30223e266e6273703b3c2f6469763e0d0a3c646976207374796c653d226261636b67726f756e642d636f6c6f723a72676228302c302c30293b77696474683a3470783b6865696768743a333070783b706f736974696f6e3a6162736f6c7574653b6c6566743a31323470783b746f703a30223e266e6273703b3c2f6469763e0d0a3c646976207374796c653d226261636b67726f756e642d636f6c6f723a72676228302c302c30293b77696474683a3270783b6865696768743a333070783b706f736974696f6e3a6162736f6c7574653b6c6566743a31333270783b746f703a30223e266e6273703b3c2f6469763e0d0a3c646976207374796c653d226261636b67726f756e642d636f6c6f723a72676228302c302c30293b77696474683a3270783b6865696768743a333070783b706f736974696f6e3a6162736f6c7574653b6c6566743a31343270783b746f703a30223e266e6273703b3c2f6469763e0d0a3c646976207374796c653d226261636b67726f756e642d636f6c6f723a72676228302c302c30293b77696474683a3470783b6865696768743a333070783b706f736974696f6e3a6162736f6c7574653b6c6566743a31343670783b746f703a30223e266e6273703b3c2f6469763e0d0a3c646976207374796c653d226261636b67726f756e642d636f6c6f723a72676228302c302c30293b77696474683a3470783b6865696768743a333070783b706f736974696f6e3a6162736f6c7574653b6c6566743a31353470783b746f703a30223e266e6273703b3c2f6469763e0d0a3c646976207374796c653d226261636b67726f756e642d636f6c6f723a72676228302c302c30293b77696474683a3670783b6865696768743a333070783b706f736974696f6e3a6162736f6c7574653b6c6566743a31363270783b746f703a30223e266e6273703b3c2f6469763e0d0a3c646976207374796c653d226261636b67726f756e642d636f6c6f723a72676228302c302c30293b77696474683a3270783b6865696768743a333070783b706f736974696f6e3a6162736f6c7574653b6c6566743a31373070783b746f703a30223e266e6273703b3c2f6469763e0d0a3c646976207374796c653d226261636b67726f756e642d636f6c6f723a72676228302c302c30293b77696474683a3270783b6865696768743a333070783b706f736974696f6e3a6162736f6c7574653b6c6566743a31373670783b746f703a30223e266e6273703b3c2f6469763e0d0a3c646976207374796c653d226261636b67726f756e642d636f6c6f723a72676228302c302c30293b77696474683a3270783b6865696768743a333070783b706f736974696f6e3a6162736f6c7574653b6c6566743a31383270783b746f703a30223e266e6273703b3c2f6469763e0d0a3c646976207374796c653d226261636b67726f756e642d636f6c6f723a72676228302c302c30293b77696474683a3470783b6865696768743a333070783b706f736974696f6e3a6162736f6c7574653b6c6566743a31383670783b746f703a30223e266e6273703b3c2f6469763e0d0a3c646976207374796c653d226261636b67726f756e642d636f6c6f723a72676228302c302c30293b77696474683a3670783b6865696768743a333070783b706f736974696f6e3a6162736f6c7574653b6c6566743a31393870783b746f703a30223e266e6273703b3c2f6469763e0d0a3c646976207374796c653d226261636b67726f756e642d636f6c6f723a72676228302c302c30293b77696474683a3270783b6865696768743a333070783b706f736974696f6e3a6162736f6c7574653b6c6566743a32303670783b746f703a30223e266e6273703b3c2f6469763e0d0a3c646976207374796c653d226261636b67726f756e642d636f6c6f723a72676228302c302c30293b77696474683a3470783b6865696768743a333070783b706f736974696f6e3a6162736f6c7574653b6c6566743a32313270783b746f703a30223e266e6273703b3c2f6469763e0d0a3c646976207374796c653d226261636b67726f756e642d636f6c6f723a72676228302c302c30293b77696474683a3270783b6865696768743a333070783b706f736974696f6e3a6162736f6c7574653b6c6566743a32323070783b746f703a30223e266e6273703b3c2f6469763e0d0a3c646976207374796c653d226261636b67726f756e642d636f6c6f723a72676228302c302c30293b77696474683a3670783b6865696768743a333070783b706f736974696f6e3a6162736f6c7574653b6c6566743a32323470783b746f703a30223e266e6273703b3c2f6469763e0d0a3c646976207374796c653d226261636b67726f756e642d636f6c6f723a72676228302c302c30293b77696474683a3870783b6865696768743a333070783b706f736974696f6e3a6162736f6c7574653b6c6566743a32333270783b746f703a30223e266e6273703b3c2f6469763e0d0a3c646976207374796c653d226261636b67726f756e642d636f6c6f723a72676228302c302c30293b77696474683a3470783b6865696768743a333070783b706f736974696f6e3a6162736f6c7574653b6c6566743a32343270783b746f703a30223e266e6273703b3c2f6469763e0d0a3c646976207374796c653d226261636b67726f756e642d636f6c6f723a72676228302c302c30293b77696474683a3270783b6865696768743a333070783b706f736974696f6e3a6162736f6c7574653b6c6566743a32353070783b746f703a30223e266e6273703b3c2f6469763e0d0a3c646976207374796c653d226261636b67726f756e642d636f6c6f723a72676228302c302c30293b77696474683a3670783b6865696768743a333070783b706f736974696f6e3a6162736f6c7574653b6c6566743a32353670783b746f703a30223e266e6273703b3c2f6469763e0d0a3c646976207374796c653d226261636b67726f756e642d636f6c6f723a72676228302c302c30293b77696474683a3470783b6865696768743a333070783b706f736974696f6e3a6162736f6c7574653b6c6566743a32363470783b746f703a30223e266e6273703b3c2f6469763e0d0a3c646976207374796c653d226261636b67726f756e642d636f6c6f723a72676228302c302c30293b77696474683a3270783b6865696768743a333070783b706f736974696f6e3a6162736f6c7574653b6c6566743a32373470783b746f703a30223e266e6273703b3c2f6469763e0d0a3c646976207374796c653d226261636b67726f756e642d636f6c6f723a72676228302c302c30293b77696474683a3670783b6865696768743a333070783b706f736974696f6e3a6162736f6c7574653b6c6566743a32373870783b746f703a30223e266e6273703b3c2f6469763e0d0a3c646976207374796c653d226261636b67726f756e642d636f6c6f723a72676228302c302c30293b77696474683a3270783b6865696768743a333070783b706f736974696f6e3a6162736f6c7574653b6c6566743a32383670783b746f703a30223e266e6273703b3c2f6469763e0d0a3c646976207374796c653d226261636b67726f756e642d636f6c6f723a72676228302c302c30293b77696474683a3470783b6865696768743a333070783b706f736974696f6e3a6162736f6c7574653b6c6566743a32393070783b746f703a30223e266e6273703b3c2f6469763e0d0a3c646976207374796c653d226261636b67726f756e642d636f6c6f723a72676228302c302c30293b77696474683a3270783b6865696768743a333070783b706f736974696f6e3a6162736f6c7574653b6c6566743a33303270783b746f703a30223e266e6273703b3c2f6469763e0d0a3c646976207374796c653d226261636b67726f756e642d636f6c6f723a72676228302c302c30293b77696474683a3270783b6865696768743a333070783b706f736974696f6e3a6162736f6c7574653b6c6566743a33303870783b746f703a30223e266e6273703b3c2f6469763e0d0a3c646976207374796c653d226261636b67726f756e642d636f6c6f723a72676228302c302c30293b77696474683a3470783b6865696768743a333070783b706f736974696f6e3a6162736f6c7574653b6c6566743a33313270783b746f703a30223e266e6273703b3c2f6469763e0d0a3c646976207374796c653d226261636b67726f756e642d636f6c6f723a72676228302c302c30293b77696474683a3670783b6865696768743a333070783b706f736974696f6e3a6162736f6c7574653b6c6566743a33313870783b746f703a30223e266e6273703b3c2f6469763e0d0a3c646976207374796c653d226261636b67726f756e642d636f6c6f723a72676228302c302c30293b77696474683a3470783b6865696768743a333070783b706f736974696f6e3a6162736f6c7574653b6c6566743a33333070783b746f703a30223e266e6273703b3c2f6469763e0d0a3c646976207374796c653d226261636b67726f756e642d636f6c6f723a72676228302c302c30293b77696474683a3670783b6865696768743a333070783b706f736974696f6e3a6162736f6c7574653b6c6566743a33333670783b746f703a30223e266e6273703b3c2f6469763e0d0a3c646976207374796c653d226261636b67726f756e642d636f6c6f723a72676228302c302c30293b77696474683a3670783b6865696768743a333070783b706f736974696f6e3a6162736f6c7574653b6c6566743a33343470783b746f703a30223e266e6273703b3c2f6469763e0d0a3c646976207374796c653d226261636b67726f756e642d636f6c6f723a72676228302c302c30293b77696474683a3470783b6865696768743a333070783b706f736974696f6e3a6162736f6c7574653b6c6566743a33353270783b746f703a30223e266e6273703b3c2f6469763e0d0a3c646976207374796c653d226261636b67726f756e642d636f6c6f723a72676228302c302c30293b77696474683a3670783b6865696768743a333070783b706f736974696f6e3a6162736f6c7574653b6c6566743a33363270783b746f703a30223e266e6273703b3c2f6469763e0d0a3c646976207374796c653d226261636b67726f756e642d636f6c6f723a72676228302c302c30293b77696474683a3270783b6865696768743a333070783b706f736974696f6e3a6162736f6c7574653b6c6566743a33373070783b746f703a30223e266e6273703b3c2f6469763e0d0a3c646976207374796c653d226261636b67726f756e642d636f6c6f723a72676228302c302c30293b77696474683a3470783b6865696768743a333070783b706f736974696f6e3a6162736f6c7574653b6c6566743a33373470783b746f703a30223e266e6273703b3c2f6469763e0d0a3c2f6469763e0d0a),
(125, 13, 'shipped', 3.00, '2024-10-24 18:11:38', '2024-10-24 18:15:43', NULL, NULL, NULL, '671a8ecfb67066021', ''),
(126, 13, 'shipped', 7.00, '2024-10-24 18:16:33', '2024-10-24 18:16:53', NULL, NULL, NULL, '671a8f15c0bb26507', ''),
(127, 13, 'shipped', 1.00, '2024-10-24 18:23:15', '2024-10-24 18:23:40', NULL, NULL, NULL, '671a90ac31c531008', ''),
(128, 13, 'shipped', 4.00, '2024-10-24 18:28:12', '2024-10-24 18:37:26', NULL, NULL, NULL, '671a93e6483771551', 0x433a5c78616d70705c6874646f63735c6a6f625c706167655c61646d696e2f626172636f6465732f36373161393365363438333737313535312e706e67),
(129, 13, 'shipped', 3.00, '2024-10-24 18:37:19', '2024-10-24 18:38:29', NULL, NULL, NULL, '671a94251ca2f8011', 0x89504e470d0a1a0a0000000d49484452000001a60000001e01030000005d5128ec00000006504c5445ffffff00000055c2d37e0000000174524e530040e6d866000000097048597300000ec400000ec401952b0e1b0000004a49444154388dedcb310ac04008044061db03bf225c2bdcd703b681fd8a602b24a4ce176c07466a214a79ac3d1cc9d5cfe65585c31b6e94ecedf854332d5c897299356bd6ac59b37eeb05345f1cd2cfd7dd430000000049454e44ae426082),
(130, 13, 'shipped', 3.00, '2024-10-24 18:38:54', '2024-10-24 18:39:23', NULL, NULL, NULL, '671a945b2fe866194', 0x89504e470d0a1a0a0000000d49484452000001900000001e010300000038bcda9300000006504c5445ffffff00000055c2d37e0000000174524e530040e6d866000000097048597300000ec400000ec401952b0e1b0000004749444154388dedcbb1094031080540c156701521ad90d503af0db88a606b91bfc607cb2b8e4a18a5b1ad1dce192adbdb4085bc290b14510d15b6d59f4f074d993265ca943f97077d67fb0311e677ed0000000049454e44ae426082),
(131, 13, 'delivered', 3.00, '2024-10-25 06:11:39', '2024-10-25 06:13:22', NULL, NULL, NULL, '671b37022e2099621', 0x2e2e2f626172636f6465732f36373162333730323265323039393632312e706e67),
(132, 13, 'delivered', 2.00, '2024-10-25 06:13:48', '2024-10-25 06:24:09', NULL, NULL, NULL, '671b39897f1596295', 0x2e2e2f626172636f6465732f36373162333938393766313539363239352e706e67),
(133, 13, 'shipped', 1250.00, '2024-10-30 18:39:27', '2024-10-30 18:40:08', NULL, NULL, NULL, '67227d8877ef55190', 0x2e2e2f626172636f6465732f36373232376438383737656635353139302e706e67),
(134, 13, 'shipped', 250.00, '2024-10-31 19:31:03', '2024-11-01 09:05:38', NULL, NULL, NULL, '672499e1dea5d2279', 0x2e2e2f626172636f6465732f36373234393965316465613564323237392e706e67),
(135, 13, 'paid', 1250.00, '2024-11-01 14:56:14', NULL, NULL, NULL, NULL, NULL, NULL);

-- --------------------------------------------------------

--
-- Table structure for table `payments`
--

CREATE TABLE `payments` (
  `payment_id` int(11) NOT NULL,
  `order_id` int(11) DEFAULT NULL,
  `payment_date` timestamp NOT NULL DEFAULT current_timestamp(),
  `payment_method` enum('credit_card','promptpay') NOT NULL,
  `amount` decimal(10,2) NOT NULL,
  `payment_pic` blob DEFAULT NULL
) ENGINE=InnoDB DEFAULT CHARSET=utf8mb4 COLLATE=utf8mb4_general_ci;

--
-- Dumping data for table `payments`
--

INSERT INTO `payments` (`payment_id`, `order_id`, `payment_date`, `payment_method`, `amount`, `payment_pic`) VALUES
(86, 104, '2024-10-24 14:14:30', 'promptpay', 1251.00, 0x54584e5f32303233303931333149457455757442416e3051336d4951352e6a7067),
(87, 105, '2024-10-24 14:41:23', 'credit_card', 1001.00, NULL),
(88, 106, '2024-10-24 15:41:53', 'promptpay', 10.00, 0x7368696f72692073616e2e6a7067),
(89, 107, '2024-10-24 15:42:42', 'promptpay', 1.00, 0x7368696f72692073616e2e6a7067),
(90, 108, '2024-10-24 16:08:59', 'promptpay', 3.00, 0x7368696f72692073616e2e6a7067),
(91, 109, '2024-10-24 16:14:02', 'promptpay', 1.00, 0x7368696f72692073616e2e6a7067),
(92, 110, '2024-10-24 16:16:24', 'promptpay', 1.00, 0x7368696f72692073616e2e6a7067),
(93, 111, '2024-10-24 16:22:08', 'promptpay', 3.00, 0x696d6167655f3132313432365f6f726967696e616c2e6a706567),
(94, 112, '2024-10-24 16:26:10', 'promptpay', 1.00, 0x7368696f72692073616e2e6a7067),
(95, 113, '2024-10-24 16:40:31', 'promptpay', 1.00, 0x7368696f72692073616e2e6a7067),
(96, 114, '2024-10-24 16:45:55', 'promptpay', 1.00, 0x7368696f72692073616e2e6a7067),
(97, 116, '2024-10-24 17:01:54', 'promptpay', 3.00, 0x7368696f72692073616e2e6a7067),
(98, 117, '2024-10-24 17:06:34', 'promptpay', 2.00, 0x7368696f72692073616e2e6a7067),
(99, 118, '2024-10-24 17:11:25', 'promptpay', 1.00, 0x7368696f72692073616e2e6a7067),
(100, 119, '2024-10-24 17:23:45', 'promptpay', 4.00, 0x7368696f72692073616e2e6a7067),
(101, 120, '2024-10-24 17:26:08', 'promptpay', 3.00, 0x7368696f72692073616e2e6a7067),
(102, 121, '2024-10-24 17:37:53', 'promptpay', 1.00, 0x7368696f72692073616e2e6a7067),
(103, 122, '2024-10-24 17:46:02', 'promptpay', 1.00, 0x7368696f72692073616e2e6a7067),
(104, 123, '2024-10-24 17:56:55', 'promptpay', 6.00, 0x7368696f72692073616e2e6a7067),
(105, 124, '2024-10-24 18:05:08', 'promptpay', 5.00, 0x7368696f72692073616e2e6a7067),
(106, 125, '2024-10-24 18:11:38', 'promptpay', 3.00, 0x7368696f72692073616e2e6a7067),
(107, 126, '2024-10-24 18:16:33', 'promptpay', 7.00, 0x7368696f72692073616e2e6a7067),
(108, 127, '2024-10-24 18:23:15', 'promptpay', 1.00, 0x7368696f72692073616e2e6a7067),
(109, 128, '2024-10-24 18:28:12', 'promptpay', 4.00, 0x7368696f72692073616e2e6a7067),
(110, 129, '2024-10-24 18:37:19', 'promptpay', 3.00, 0x7368696f72692073616e2e6a7067),
(111, 130, '2024-10-24 18:38:54', 'promptpay', 3.00, 0x7368696f72692073616e2e6a7067),
(112, 131, '2024-10-25 06:11:39', 'promptpay', 3.00, 0x7368696f72692073616e2e6a7067),
(113, 132, '2024-10-25 06:13:48', 'promptpay', 2.00, 0x7368696f72692073616e2e6a7067),
(114, 133, '2024-10-30 18:39:27', 'promptpay', 1250.00, 0x6f332e6a7067),
(115, 134, '2024-10-31 19:31:03', 'promptpay', 250.00, 0x6361666530352e6a7067),
(116, 135, '2024-11-01 14:56:14', 'promptpay', 1250.00, 0x6361666530352e6a7067);

-- --------------------------------------------------------

--
-- Table structure for table `product`
--

CREATE TABLE `product` (
  `product_id` int(11) NOT NULL,
  `listproduct_id` int(11) NOT NULL,
  `store_id` int(11) NOT NULL,
  `expiration_date` date DEFAULT NULL,
  `status` enum('available','out_of_stock','expired','reserved') NOT NULL,
  `quantity` int(11) NOT NULL,
  `location` varchar(50) DEFAULT NULL,
  `manufacture_date` date DEFAULT NULL,
  `updated_at` timestamp NOT NULL DEFAULT current_timestamp() ON UPDATE current_timestamp(),
  `detail_order_id` int(11) DEFAULT NULL
) ENGINE=InnoDB DEFAULT CHARSET=utf8mb4 COLLATE=utf8mb4_general_ci;

--
-- Dumping data for table `product`
--

INSERT INTO `product` (`product_id`, `listproduct_id`, `store_id`, `expiration_date`, `status`, `quantity`, `location`, `manufacture_date`, `updated_at`, `detail_order_id`) VALUES
(147, 14, 13, '2024-10-30', 'available', 25, NULL, NULL, '2024-10-24 14:32:50', 127),
(148, 17, 13, '2024-10-25', 'available', 50, NULL, NULL, '2024-10-24 14:32:50', 128),
(149, 17, 13, '2024-10-25', 'available', 50, NULL, NULL, '2024-10-24 14:32:50', 128),
(150, 18, 13, '2024-10-25', 'available', 5, NULL, NULL, '2024-10-24 14:32:50', 129),
(151, 20, 13, '2024-10-23', 'available', 7, NULL, NULL, '2024-10-24 14:32:50', 130),
(152, 14, 13, '2024-10-26', 'available', 25, NULL, NULL, '2024-10-24 14:36:10', 127),
(153, 17, 13, '2024-10-19', 'available', 50, NULL, NULL, '2024-10-24 14:36:10', 128),
(154, 17, 13, '2024-10-19', 'available', 50, NULL, NULL, '2024-10-24 14:36:10', 128),
(155, 18, 13, '2024-10-26', 'available', 5, NULL, NULL, '2024-10-24 14:36:10', 129),
(156, 20, 13, '2024-10-19', 'available', 7, NULL, NULL, '2024-10-24 14:36:10', 130),
(157, 14, 13, '2024-10-26', 'available', 25, NULL, NULL, '2024-10-24 14:38:59', 127),
(158, 17, 13, '2024-10-19', 'available', 50, NULL, NULL, '2024-10-24 14:38:59', 128),
(159, 17, 13, '2024-10-19', 'available', 50, NULL, NULL, '2024-10-24 14:38:59', 128),
(160, 18, 13, '2024-10-26', 'available', 5, NULL, NULL, '2024-10-24 14:38:59', 129),
(161, 20, 13, '2024-10-19', 'available', 7, NULL, NULL, '2024-10-24 14:38:59', 130),
(162, 14, 13, '2024-10-26', 'available', 25, NULL, NULL, '2024-10-24 14:39:34', 127),
(163, 17, 13, '2024-10-19', 'available', 50, NULL, NULL, '2024-10-24 14:39:34', 128),
(164, 17, 13, '2024-10-19', 'available', 50, NULL, NULL, '2024-10-24 14:39:34', 128),
(165, 18, 13, '2024-10-25', 'available', 5, NULL, NULL, '2024-10-24 14:39:34', 129),
(166, 20, 13, '2024-11-20', 'available', 7, NULL, NULL, '2024-10-24 14:39:34', 130),
(167, 14, 13, '2024-10-25', 'available', 25, NULL, NULL, '2024-10-24 14:41:48', 131),
(168, 20, 13, '2024-10-24', 'available', 7, NULL, NULL, '2024-10-24 14:41:48', 132),
(169, 22, 13, '2024-10-30', 'available', 8, NULL, NULL, '2024-10-24 14:41:48', 133),
(170, 14, 13, '2024-10-17', 'available', 25, NULL, NULL, '2024-10-24 14:50:58', 131),
(171, 20, 13, '2024-10-25', 'available', 7, NULL, NULL, '2024-10-24 14:50:58', 132),
(172, 22, 13, '2024-10-25', 'available', 8, NULL, NULL, '2024-10-24 14:50:58', 133),
(173, 14, 13, '2024-10-26', 'available', 25, NULL, NULL, '2024-10-24 14:51:51', 127),
(174, 17, 13, '2024-10-26', 'available', 50, NULL, NULL, '2024-10-24 14:51:51', 128),
(175, 17, 13, '2024-10-26', 'available', 50, NULL, NULL, '2024-10-24 14:51:51', 128),
(176, 18, 13, '2024-10-26', 'available', 5, NULL, NULL, '2024-10-24 14:51:51', 129),
(177, 20, 13, '2024-10-26', 'available', 7, NULL, NULL, '2024-10-24 14:51:51', 130),
(178, 14, 13, '2024-10-26', 'available', 25, NULL, NULL, '2024-10-24 14:55:44', 127),
(179, 17, 13, '2024-10-26', 'available', 50, NULL, NULL, '2024-10-24 14:55:44', 128),
(180, 17, 13, '2024-10-26', 'available', 50, NULL, NULL, '2024-10-24 14:55:44', 128),
(181, 18, 13, '2024-10-26', 'available', 5, NULL, NULL, '2024-10-24 14:55:44', 129),
(182, 20, 13, '2024-10-26', 'available', 7, NULL, NULL, '2024-10-24 14:55:44', 130),
(183, 14, 13, '2024-10-25', 'available', 25, NULL, NULL, '2024-10-24 14:55:53', 131),
(184, 20, 13, '2024-10-25', 'available', 7, NULL, NULL, '2024-10-24 14:55:53', 132),
(185, 22, 13, '2024-10-25', 'available', 8, NULL, NULL, '2024-10-24 14:55:53', 133),
(186, 14, 13, '2024-10-25', 'available', 25, NULL, NULL, '2024-10-24 14:57:17', 131),
(187, 20, 13, '2024-10-25', 'available', 7, NULL, NULL, '2024-10-24 14:57:17', 132),
(188, 22, 13, '2024-10-25', 'available', 8, NULL, NULL, '2024-10-24 14:57:17', 133),
(189, 14, 13, '2024-10-26', 'available', 25, NULL, NULL, '2024-10-24 14:57:27', 127),
(190, 17, 13, '2024-10-26', 'available', 50, NULL, NULL, '2024-10-24 14:57:27', 128),
(191, 17, 13, '2024-10-26', 'available', 50, NULL, NULL, '2024-10-24 14:57:27', 128),
(192, 18, 13, '2024-10-26', 'available', 5, NULL, NULL, '2024-10-24 14:57:27', 129),
(193, 20, 13, '2024-10-26', 'available', 7, NULL, NULL, '2024-10-24 14:57:27', 130),
(194, 14, 13, '2024-10-26', 'available', 25, NULL, NULL, '2024-10-24 14:59:11', 127),
(195, 17, 13, '2024-10-26', 'available', 50, NULL, NULL, '2024-10-24 14:59:11', 128),
(196, 17, 13, '2024-10-26', 'available', 50, NULL, NULL, '2024-10-24 14:59:11', 128),
(197, 18, 13, '2024-10-26', 'available', 5, NULL, NULL, '2024-10-24 14:59:11', 129),
(198, 20, 13, '2024-10-26', 'available', 7, NULL, NULL, '2024-10-24 14:59:11', 130),
(199, 14, 13, '2024-10-26', 'available', 25, NULL, NULL, '2024-10-24 14:59:30', 127),
(200, 17, 13, '2024-10-26', 'available', 50, NULL, NULL, '2024-10-24 14:59:30', 128),
(201, 17, 13, '2024-10-26', 'available', 50, NULL, NULL, '2024-10-24 14:59:30', 128),
(202, 18, 13, '2024-10-26', 'available', 5, NULL, NULL, '2024-10-24 14:59:30', 129),
(203, 20, 13, '2024-10-26', 'available', 7, NULL, NULL, '2024-10-24 14:59:30', 130),
(204, 14, 13, '2024-10-26', 'available', 25, NULL, NULL, '2024-10-24 14:59:32', 127),
(205, 17, 13, '2024-10-26', 'available', 50, NULL, NULL, '2024-10-24 14:59:32', 128),
(206, 17, 13, '2024-10-26', 'available', 50, NULL, NULL, '2024-10-24 14:59:32', 128),
(207, 18, 13, '2024-10-26', 'available', 5, NULL, NULL, '2024-10-24 14:59:32', 129),
(208, 20, 13, '2024-10-26', 'available', 7, NULL, NULL, '2024-10-24 14:59:32', 130),
(209, 14, 13, '2024-10-26', 'available', 25, NULL, NULL, '2024-10-24 14:59:44', 127),
(210, 17, 13, '2024-10-26', 'available', 50, NULL, NULL, '2024-10-24 14:59:44', 128),
(211, 17, 13, '2024-10-26', 'available', 50, NULL, NULL, '2024-10-24 14:59:44', 128),
(212, 18, 13, '2024-10-26', 'available', 5, NULL, NULL, '2024-10-24 14:59:44', 129),
(213, 20, 13, '2024-10-26', 'available', 7, NULL, NULL, '2024-10-24 14:59:44', 130),
(214, 14, 13, '2024-10-23', 'available', 25, NULL, NULL, '2024-10-24 15:00:07', 131),
(215, 20, 13, '2024-10-26', 'available', 7, NULL, NULL, '2024-10-24 15:00:07', 132),
(216, 22, 13, '2024-10-25', 'available', 8, NULL, NULL, '2024-10-24 15:00:07', 133),
(217, 14, 13, '2024-10-23', 'available', 25, NULL, NULL, '2024-10-24 15:07:45', 131),
(218, 20, 13, '2024-10-26', 'available', 7, NULL, NULL, '2024-10-24 15:07:45', 132),
(219, 22, 13, '2024-10-25', 'available', 8, NULL, NULL, '2024-10-24 15:07:45', 133),
(220, 14, 13, '2024-10-26', 'available', 25, NULL, NULL, '2024-10-24 15:07:56', 127),
(221, 17, 13, '2024-10-26', 'available', 50, NULL, NULL, '2024-10-24 15:07:56', 128),
(222, 17, 13, '2024-10-26', 'available', 50, NULL, NULL, '2024-10-24 15:07:56', 128),
(223, 18, 13, '2024-10-26', 'available', 5, NULL, NULL, '2024-10-24 15:07:56', 129),
(224, 20, 13, '2024-10-26', 'available', 7, NULL, NULL, '2024-10-24 15:07:56', 130),
(225, 14, 13, '2024-10-26', 'available', 25, NULL, NULL, '2024-10-24 15:09:10', 127),
(226, 17, 13, '2024-10-26', 'available', 50, NULL, NULL, '2024-10-24 15:09:10', 128),
(227, 17, 13, '2024-10-26', 'available', 50, NULL, NULL, '2024-10-24 15:09:10', 128),
(228, 18, 13, '2024-10-26', 'available', 5, NULL, NULL, '2024-10-24 15:09:10', 129),
(229, 20, 13, '2024-10-26', 'available', 7, NULL, NULL, '2024-10-24 15:09:10', 130),
(230, 14, 13, '2024-10-25', 'available', 25, NULL, NULL, '2024-10-24 15:09:18', 131),
(231, 20, 13, '2024-10-25', 'available', 7, NULL, NULL, '2024-10-24 15:09:18', 132),
(232, 22, 13, '2024-10-25', 'available', 8, NULL, NULL, '2024-10-24 15:09:18', 133),
(233, 14, 13, '2024-10-25', 'available', 25, NULL, NULL, '2024-10-24 15:11:17', 131),
(234, 20, 13, '2024-10-25', 'available', 7, NULL, NULL, '2024-10-24 15:11:17', 132),
(235, 22, 13, '2024-10-25', 'available', 8, NULL, NULL, '2024-10-24 15:11:17', 133),
(236, 14, 13, '2024-10-25', 'available', 25, NULL, NULL, '2024-10-24 15:11:27', 131),
(237, 20, 13, '2024-10-25', 'available', 7, NULL, NULL, '2024-10-24 15:11:27', 132),
(238, 22, 13, '2024-10-25', 'available', 8, NULL, NULL, '2024-10-24 15:11:27', 133),
(239, 14, 13, '2024-10-25', 'available', 25, NULL, NULL, '2024-10-24 15:11:43', 131),
(240, 20, 13, '2024-10-25', 'available', 7, NULL, NULL, '2024-10-24 15:11:43', 132),
(241, 22, 13, '2024-10-25', 'available', 8, NULL, NULL, '2024-10-24 15:11:43', 133),
(242, 14, 13, '2024-10-25', 'available', 25, NULL, NULL, '2024-10-24 15:13:19', 131),
(243, 20, 13, '2024-10-25', 'available', 7, NULL, NULL, '2024-10-24 15:13:19', 132),
(244, 22, 13, '2024-10-25', 'available', 8, NULL, NULL, '2024-10-24 15:13:19', 133),
(245, 14, 13, '2024-10-25', 'available', 25, NULL, NULL, '2024-10-24 15:13:33', 131),
(246, 20, 13, '2024-10-25', 'available', 7, NULL, NULL, '2024-10-24 15:13:33', 132),
(247, 22, 13, '2024-10-25', 'available', 8, NULL, NULL, '2024-10-24 15:13:33', 133),
(248, 14, 13, '2024-10-25', 'available', 25, NULL, NULL, '2024-10-24 15:14:04', 131),
(249, 20, 13, '2024-10-11', 'available', 7, NULL, NULL, '2024-10-24 15:14:04', 132),
(250, 22, 13, '2024-10-17', 'available', 8, NULL, NULL, '2024-10-24 15:14:04', 133),
(251, 14, 13, '2024-10-25', 'available', 25, NULL, NULL, '2024-10-24 15:21:50', 131),
(252, 20, 13, '2024-10-11', 'available', 7, NULL, NULL, '2024-10-24 15:21:50', 132),
(253, 22, 13, '2024-10-17', 'available', 8, NULL, NULL, '2024-10-24 15:21:50', 133),
(254, 14, 13, '2024-11-02', 'available', 25, NULL, NULL, '2024-10-24 15:22:00', 127),
(255, 17, 13, '2024-10-26', 'available', 50, NULL, NULL, '2024-10-24 15:22:00', 128),
(256, 17, 13, '2024-10-26', 'available', 50, NULL, NULL, '2024-10-24 15:22:00', 128),
(257, 18, 13, '2024-11-02', 'available', 5, NULL, NULL, '2024-10-24 15:22:00', 129),
(258, 20, 13, '2024-10-27', 'available', 7, NULL, NULL, '2024-10-24 15:22:00', 130),
(259, 14, 13, '2024-10-26', 'available', 25, NULL, NULL, '2024-10-24 15:23:01', 127),
(260, 17, 13, '2024-10-26', 'available', 50, NULL, NULL, '2024-10-24 15:23:01', 128),
(261, 17, 13, '2024-10-26', 'available', 50, NULL, NULL, '2024-10-24 15:23:01', 128),
(262, 18, 13, '2024-10-26', 'available', 5, NULL, NULL, '2024-10-24 15:23:01', 129),
(263, 20, 13, '2024-10-26', 'available', 7, NULL, NULL, '2024-10-24 15:23:01', 130),
(264, 14, 13, '2024-10-26', 'available', 25, NULL, NULL, '2024-10-24 15:26:15', 127),
(265, 17, 13, '2024-10-26', 'available', 50, NULL, NULL, '2024-10-24 15:26:15', 128),
(266, 17, 13, '2024-10-26', 'available', 50, NULL, NULL, '2024-10-24 15:26:15', 128),
(267, 18, 13, '2024-10-26', 'available', 5, NULL, NULL, '2024-10-24 15:26:15', 129),
(268, 20, 13, '2024-10-26', 'available', 7, NULL, NULL, '2024-10-24 15:26:15', 130),
(269, 14, 13, '2024-10-30', 'available', 25, NULL, NULL, '2024-10-24 15:26:43', 127),
(270, 17, 13, '2024-10-25', 'available', 50, NULL, NULL, '2024-10-24 15:26:43', 128),
(271, 17, 13, '2024-10-25', 'available', 50, NULL, NULL, '2024-10-24 15:26:43', 128),
(272, 18, 13, '2024-10-23', 'available', 5, NULL, NULL, '2024-10-24 15:26:43', 129),
(273, 20, 13, '2024-10-25', 'available', 7, NULL, NULL, '2024-10-24 15:26:43', 130),
(274, 14, 13, '2024-10-30', 'available', 25, NULL, NULL, '2024-10-24 15:26:46', 127),
(275, 17, 13, '2024-10-25', 'available', 50, NULL, NULL, '2024-10-24 15:26:46', 128),
(276, 17, 13, '2024-10-25', 'available', 50, NULL, NULL, '2024-10-24 15:26:46', 128),
(277, 18, 13, '2024-10-23', 'available', 5, NULL, NULL, '2024-10-24 15:26:46', 129),
(278, 20, 13, '2024-10-25', 'available', 7, NULL, NULL, '2024-10-24 15:26:46', 130),
(279, 14, 13, '2024-10-26', 'available', 25, NULL, NULL, '2024-10-24 16:11:27', 136),
(280, 14, 13, '2024-10-26', 'available', 25, NULL, NULL, '2024-10-24 16:11:27', 136),
(281, 14, 13, '2024-10-26', 'available', 25, NULL, NULL, '2024-10-24 16:11:27', 136),
(282, 14, 13, '2024-10-31', 'available', 25, NULL, NULL, '2024-10-24 16:11:34', 134),
(283, 14, 13, '2024-10-31', 'available', 25, NULL, NULL, '2024-10-24 16:11:34', 134),
(284, 14, 13, '2024-10-31', 'available', 25, NULL, NULL, '2024-10-24 16:11:34', 134),
(285, 14, 13, '2024-10-31', 'available', 25, NULL, NULL, '2024-10-24 16:11:34', 134),
(286, 14, 13, '2024-10-31', 'available', 25, NULL, NULL, '2024-10-24 16:11:34', 134),
(287, 14, 13, '2024-10-31', 'available', 25, NULL, NULL, '2024-10-24 16:11:34', 134),
(288, 14, 13, '2024-10-31', 'available', 25, NULL, NULL, '2024-10-24 16:11:34', 134),
(289, 14, 13, '2024-10-31', 'available', 25, NULL, NULL, '2024-10-24 16:11:34', 134),
(290, 14, 13, '2024-10-31', 'available', 25, NULL, NULL, '2024-10-24 16:11:34', 134),
(291, 14, 13, '2024-10-31', 'available', 25, NULL, NULL, '2024-10-24 16:11:34', 134),
(292, 14, 13, '2024-11-07', 'available', 25, NULL, NULL, '2024-10-24 16:14:26', 137),
(293, 14, 13, '2024-11-08', 'available', 25, NULL, NULL, '2024-10-24 16:16:41', 138),
(294, 14, 13, '2024-11-07', 'available', 25, NULL, NULL, '2024-10-24 16:21:44', 137),
(295, 14, 13, '2024-10-31', 'available', 25, NULL, NULL, '2024-10-24 16:22:29', 139),
(296, 14, 13, '2024-10-31', 'available', 25, NULL, NULL, '2024-10-24 16:22:29', 139),
(297, 14, 13, '2024-10-31', 'available', 25, NULL, NULL, '2024-10-24 16:22:29', 139),
(298, 14, 13, '2024-11-07', 'available', 25, NULL, NULL, '2024-10-24 16:26:24', 140),
(299, 14, 13, '2024-11-07', 'available', 25, NULL, NULL, '2024-10-24 16:40:02', 140),
(300, 14, 13, '2024-11-07', 'available', 25, NULL, NULL, '2024-10-24 16:40:51', 141),
(301, 14, 13, '2024-11-07', 'available', 25, NULL, NULL, '2024-10-24 16:46:03', 141),
(302, 14, 13, '2024-11-07', 'available', 25, NULL, NULL, '2024-10-24 16:46:14', 142),
(303, 14, 13, '2024-11-07', 'available', 25, NULL, NULL, '2024-10-24 16:55:43', 142),
(304, 14, 13, '2024-11-09', 'available', 25, NULL, NULL, '2024-10-24 17:03:00', 143),
(305, 14, 13, '2024-11-09', 'available', 25, NULL, NULL, '2024-10-24 17:03:00', 143),
(306, 14, 13, '2024-11-09', 'available', 25, NULL, NULL, '2024-10-24 17:03:00', 143),
(307, 14, 13, '2024-11-07', 'available', 25, NULL, NULL, '2024-10-24 17:07:02', 144),
(308, 14, 13, '2024-11-07', 'available', 25, NULL, NULL, '2024-10-24 17:07:02', 144),
(309, 14, 13, '2024-11-07', 'available', 25, NULL, NULL, '2024-10-24 17:10:59', 144),
(310, 14, 13, '2024-11-07', 'available', 25, NULL, NULL, '2024-10-24 17:10:59', 144),
(311, 14, 13, '2024-11-08', 'available', 25, NULL, NULL, '2024-10-24 17:11:52', 145),
(312, 14, 13, '2024-11-08', 'available', 25, NULL, NULL, '2024-10-24 17:23:32', 145),
(313, 14, 13, '2024-11-08', 'available', 25, NULL, NULL, '2024-10-24 17:24:02', 146),
(314, 14, 13, '2024-11-08', 'available', 25, NULL, NULL, '2024-10-24 17:24:02', 146),
(315, 14, 13, '2024-11-08', 'available', 25, NULL, NULL, '2024-10-24 17:24:02', 146),
(316, 14, 13, '2024-11-08', 'available', 25, NULL, NULL, '2024-10-24 17:24:02', 146),
(317, 14, 13, '2024-11-07', 'available', 25, NULL, NULL, '2024-10-24 17:36:14', 147),
(318, 14, 13, '2024-11-07', 'available', 25, NULL, NULL, '2024-10-24 17:36:14', 147),
(319, 14, 13, '2024-11-07', 'available', 25, NULL, NULL, '2024-10-24 17:36:14', 147),
(320, 14, 13, '2024-11-07', 'available', 25, NULL, NULL, '2024-10-24 17:38:21', 148),
(321, 14, 13, '2024-11-07', 'available', 25, NULL, NULL, '2024-10-24 17:52:55', 149),
(322, 14, 13, '2024-11-07', 'available', 25, NULL, NULL, '2024-10-24 17:57:40', 150),
(323, 14, 13, '2024-11-07', 'available', 25, NULL, NULL, '2024-10-24 17:57:40', 150),
(324, 14, 13, '2024-11-07', 'available', 25, NULL, NULL, '2024-10-24 17:57:40', 150),
(325, 14, 13, '2024-11-07', 'available', 25, NULL, NULL, '2024-10-24 17:57:40', 150),
(326, 14, 13, '2024-11-07', 'available', 25, NULL, NULL, '2024-10-24 17:57:40', 150),
(327, 14, 13, '2024-11-07', 'available', 25, NULL, NULL, '2024-10-24 17:57:40', 150),
(328, 14, 13, '2024-11-07', 'available', 25, NULL, NULL, '2024-10-24 18:05:30', 151),
(329, 14, 13, '2024-11-07', 'available', 25, NULL, NULL, '2024-10-24 18:05:30', 151),
(330, 14, 13, '2024-11-07', 'available', 25, NULL, NULL, '2024-10-24 18:05:30', 151),
(331, 14, 13, '2024-11-07', 'available', 25, NULL, NULL, '2024-10-24 18:05:30', 151),
(332, 14, 13, '2024-11-07', 'available', 25, NULL, NULL, '2024-10-24 18:05:30', 151),
(333, 14, 13, '2024-11-07', 'available', 25, NULL, NULL, '2024-10-24 18:15:43', 152),
(334, 14, 13, '2024-11-07', 'available', 25, NULL, NULL, '2024-10-24 18:15:43', 152),
(335, 14, 13, '2024-11-07', 'available', 25, NULL, NULL, '2024-10-24 18:15:43', 152),
(336, 14, 13, '2024-11-07', 'available', 25, NULL, NULL, '2024-10-24 18:16:53', 153),
(337, 14, 13, '2024-11-07', 'available', 25, NULL, NULL, '2024-10-24 18:16:53', 153),
(338, 14, 13, '2024-11-07', 'available', 25, NULL, NULL, '2024-10-24 18:16:53', 153),
(339, 14, 13, '2024-11-07', 'available', 25, NULL, NULL, '2024-10-24 18:16:53', 153),
(340, 14, 13, '2024-11-07', 'available', 25, NULL, NULL, '2024-10-24 18:16:53', 153),
(341, 14, 13, '2024-11-07', 'available', 25, NULL, NULL, '2024-10-24 18:16:53', 153),
(342, 14, 13, '2024-11-07', 'available', 25, NULL, NULL, '2024-10-24 18:16:53', 153),
(343, 14, 13, '2024-11-07', 'available', 25, NULL, NULL, '2024-10-24 18:23:40', 154),
(344, 14, 13, '2024-10-31', 'available', 25, NULL, NULL, '2024-10-24 18:28:36', 155),
(345, 14, 13, '2024-10-31', 'available', 25, NULL, NULL, '2024-10-24 18:28:36', 155),
(346, 14, 13, '2024-10-31', 'available', 25, NULL, NULL, '2024-10-24 18:28:36', 155),
(347, 14, 13, '2024-10-31', 'available', 25, NULL, NULL, '2024-10-24 18:28:36', 155),
(348, 14, 13, '2024-10-31', 'available', 25, NULL, NULL, '2024-10-24 18:37:26', 155),
(349, 14, 13, '2024-10-31', 'available', 25, NULL, NULL, '2024-10-24 18:37:26', 155),
(350, 14, 13, '2024-10-31', 'available', 25, NULL, NULL, '2024-10-24 18:37:26', 155),
(351, 14, 13, '2024-10-31', 'available', 25, NULL, NULL, '2024-10-24 18:37:26', 155),
(352, 14, 13, '2024-11-07', 'available', 25, NULL, NULL, '2024-10-24 18:37:36', 156),
(353, 14, 13, '2024-11-07', 'available', 25, NULL, NULL, '2024-10-24 18:37:36', 156),
(354, 14, 13, '2024-11-07', 'available', 25, NULL, NULL, '2024-10-24 18:37:36', 156),
(355, 14, 13, '2024-11-07', 'available', 25, NULL, NULL, '2024-10-24 18:38:29', 156),
(356, 14, 13, '2024-11-07', 'available', 25, NULL, NULL, '2024-10-24 18:38:29', 156),
(357, 14, 13, '2024-11-07', 'available', 25, NULL, NULL, '2024-10-24 18:38:29', 156),
(358, 14, 13, '2024-11-08', 'available', 25, NULL, NULL, '2024-10-24 18:39:23', 157),
(359, 14, 13, '2024-11-08', 'available', 25, NULL, NULL, '2024-10-24 18:39:23', 157),
(360, 14, 13, '2024-11-08', 'available', 25, NULL, NULL, '2024-10-24 18:39:23', 157),
(361, 14, 13, '2024-11-09', 'available', 25, NULL, NULL, '2024-10-25 06:12:08', 158),
(362, 14, 13, '2024-11-09', 'available', 25, NULL, NULL, '2024-10-25 06:12:08', 158),
(363, 14, 13, '2024-11-09', 'available', 25, NULL, NULL, '2024-10-25 06:12:08', 158),
(364, 14, 13, '2024-11-09', 'available', 25, NULL, NULL, '2024-10-25 06:13:22', 158),
(365, 14, 13, '2024-11-09', 'available', 25, NULL, NULL, '2024-10-25 06:13:22', 158),
(366, 14, 13, '2024-11-09', 'available', 25, NULL, NULL, '2024-10-25 06:13:22', 158),
(367, 14, 13, '2024-10-31', 'available', 25, NULL, NULL, '2024-10-25 06:14:09', 159),
(368, 14, 13, '2024-10-31', 'available', 25, NULL, NULL, '2024-10-25 06:14:09', 159),
(369, 14, 13, '2024-10-31', 'available', 25, NULL, NULL, '2024-10-25 06:24:09', 159),
(370, 14, 13, '2024-10-31', 'available', 25, NULL, NULL, '2024-10-25 06:24:09', 159),
(371, 14, 13, '2024-11-09', 'available', 25, NULL, NULL, '2024-10-30 18:40:08', 160),
(372, 14, 13, '2024-11-09', 'available', 25, NULL, NULL, '2024-10-30 18:40:08', 160),
(373, 14, 13, '2024-11-09', 'available', 25, NULL, NULL, '2024-10-30 18:40:08', 160),
(374, 14, 13, '2024-11-09', 'available', 25, NULL, NULL, '2024-10-30 18:40:08', 160),
(375, 14, 13, '2024-11-09', 'available', 25, NULL, NULL, '2024-10-30 18:40:08', 160),
(376, 14, 13, '2024-11-11', 'available', 25, NULL, NULL, '2024-11-01 09:05:38', 161);

-- --------------------------------------------------------

--
-- Table structure for table `products_info`
--

CREATE TABLE `products_info` (
  `listproduct_id` int(11) NOT NULL,
  `product_name` varchar(50) NOT NULL,
  `category` varchar(50) NOT NULL,
  `price_set` decimal(10,2) NOT NULL,
  `product_info` text DEFAULT NULL,
  `quantity_set` int(11) NOT NULL,
  `product_pic` blob DEFAULT NULL,
  `visible` tinyint(1) DEFAULT 1,
  `updated_at` datetime DEFAULT current_timestamp() ON UPDATE current_timestamp()
) ENGINE=InnoDB DEFAULT CHARSET=utf8mb4 COLLATE=utf8mb4_general_ci;

--
-- Dumping data for table `products_info`
--

INSERT INTO `products_info` (`listproduct_id`, `product_name`, `category`, `price_set`, `product_info`, `quantity_set`, `product_pic`, `visible`, `updated_at`) VALUES
(14, ' Gold Blend', '', 250.00, '', 25, 0x6361666530312e6a7067, 1, '2024-10-31 01:35:05'),
(15, ' Arabica', '', 500.00, ' 100% ', 5, NULL, 1, '2024-10-08 03:23:44'),
(16, ' Robusta', '', 350.00, ' ', 10, NULL, 1, '2024-10-08 03:23:44'),
(17, '', '', 200.00, ' ', 50, NULL, 1, '2024-10-08 03:23:44'),
(18, ' Decaf', '', 450.00, ' ', 5, NULL, 1, '2024-10-08 03:23:44'),
(19, ' Moka', '', 550.00, ' Arabica  Robusta  Moka', 10, NULL, 1, '2024-10-08 03:23:44'),
(20, ' Dark Roast', '', 400.00, ' ', 7, NULL, 1, '2024-10-08 03:23:44'),
(21, ' Cold Brew', '', 450.00, ' Cold Brew', 5, NULL, 1, '2024-10-08 03:23:44'),
(22, ' Single Origin', '', 600.00, ' ', 8, NULL, 1, '2024-10-08 03:23:44'),
(23, '', '', 380.00, '', 5, NULL, 1, '2024-10-08 03:23:44'),
(24, '', '', 250.00, ' ', 30, NULL, 1, '2024-10-08 03:23:44'),
(25, '', '', 45.00, ' ', 30, NULL, 1, '2024-10-08 03:23:44'),
(26, '', '', 60.00, '', 24, NULL, 1, '2024-10-08 03:23:44'),
(27, '', '', 90.00, '', 15, NULL, 1, '2024-10-08 03:23:44'),
(28, '', '', 55.00, ' ', 20, NULL, 1, '2024-10-08 03:23:44'),
(29, '', '', 80.00, ' ', 10, NULL, 1, '2024-10-08 03:23:44'),
(30, '', '', 150.00, '', 10, NULL, 1, '2024-10-08 03:23:44'),
(31, ' Maple', '', 450.00, ' ', 5, NULL, 1, '2024-10-08 03:23:44'),
(32, '', '', 180.00, '', 12, NULL, 1, '2024-10-08 03:23:44'),
(33, '', '', 300.00, '', 5, NULL, 1, '2024-10-08 03:58:28'),
(34, '', '', 600.00, '', 3, NULL, 1, '2024-10-08 03:58:30'),
(35, '', '', 150.00, '', 10, NULL, 1, '2024-10-08 03:58:33'),
(36, '', '', 180.00, '', 5, NULL, 1, '2024-10-08 03:58:37'),
(37, '', '', 350.00, '', 10, NULL, 1, '2024-10-08 03:23:44'),
(38, '', '', 280.00, '', 5, NULL, 1, '2024-10-08 03:23:44'),
(39, '', '', 250.00, '', 5, NULL, 1, '2024-10-08 03:23:44'),
(40, '', '', 400.00, '', 2, NULL, 1, '2024-10-08 03:23:44'),
(41, '', '', 250.00, '', 10, NULL, 1, '2024-10-08 03:59:16'),
(42, '', '', 200.00, '', 30, NULL, 1, '2024-10-08 03:59:19'),
(43, '', '', 35.00, ' ', 50, NULL, 1, '2024-10-08 03:23:44'),
(44, '', '', 30.00, ' ', 50, NULL, 1, '2024-10-08 03:23:44'),
(45, '', '', 50.00, ' ', 30, NULL, 1, '2024-10-08 03:23:44'),
(46, '', '', 70.00, ' ', 20, NULL, 1, '2024-10-08 03:23:44'),
(47, '', '', 25.00, '', 100, NULL, 1, '2024-10-08 03:23:44'),
(48, '', '', 25000.00, '', 5, NULL, 1, '2024-10-08 04:00:03'),
(49, '', '', 1200.00, ' ', 10, NULL, 1, '2024-10-08 04:00:08'),
(50, '', '', 1000.00, '', 10, NULL, 1, '2024-10-08 04:00:12'),
(51, '', '', 150.00, '', 30, NULL, 1, '2024-10-08 04:00:16'),
(52, '', '', 85.00, ' 10 ', 30, NULL, 1, '2024-10-08 04:00:18'),
(53, '', '', 120.00, ' 12  ', 50, NULL, 1, '2024-10-08 04:00:29'),
(54, '', '', 90.00, ' 16  ', 50, 0x6f332e6a7067, 1, '2024-11-01 02:25:32'),
(55, '', '', 150.00, ' 8  ', 30, NULL, 1, '2024-10-08 03:23:44'),
(56, '', '', 80.00, ' ', 100, NULL, 1, '2024-10-08 03:23:44'),
(57, '', '', 100.00, ' ', 100, NULL, 1, '2024-10-08 04:00:40'),
(58, '', '', 50.00, ' ', 20, NULL, 1, '2024-10-08 03:59:37'),
(59, '', '', 180.00, ' ', 5, NULL, 1, '2024-10-08 03:59:40'),
(60, '', '', 250.00, '', 12, NULL, 1, '2024-10-08 03:59:44'),
(61, '', '', 280.00, '', 10, NULL, 1, '2024-10-08 03:59:46'),
(62, '', '', 120.00, ' ', 10, NULL, 1, '2024-10-08 03:59:49'),
(63, '', '', 70.00, '', 20, NULL, 1, '2024-10-08 03:59:53'),
(64, '', '', 90.00, '', 10, NULL, 1, '2024-10-08 03:59:56'),
(65, '', '', 350.00, ' ', 10, NULL, 1, '2024-10-08 03:23:44'),
(66, '', '', 280.00, '', 5, NULL, 1, '2024-10-08 03:23:44'),
(67, '', '', 250.00, '', 5, NULL, 1, '2024-10-08 03:23:44'),
(68, '', '', 150.00, '', 10, NULL, 1, '2024-10-08 03:23:44'),
(69, '', '', 180.00, '', 10, NULL, 1, '2024-10-08 03:23:44'),
(70, '', '', 200.00, ' 20  ', 500, 0x70726f647563742e6a7067, 1, '2024-10-31 01:35:02');

-- --------------------------------------------------------

--
-- Table structure for table `product_alert_settings`
--

CREATE TABLE `product_alert_settings` (
  `alert_id` int(11) NOT NULL,
  `listproduct_id` int(11) NOT NULL,
  `low_stock_threshold` int(11) DEFAULT 10,
  `expiry_alert_days` int(11) DEFAULT 7,
  `updated_at` datetime DEFAULT current_timestamp() ON UPDATE current_timestamp()
) ENGINE=InnoDB DEFAULT CHARSET=utf8mb4 COLLATE=utf8mb4_general_ci;

--
-- Dumping data for table `product_alert_settings`
--

INSERT INTO `product_alert_settings` (`alert_id`, `listproduct_id`, `low_stock_threshold`, `expiry_alert_days`, `updated_at`) VALUES
(1, 14, 5, 8, '2024-10-08 12:34:21'),
(2, 14, 6, 8, '2024-10-31 16:14:01'),
(3, 15, 3, 3, '2024-10-31 16:15:53'),
(4, 16, 1, 2, '2024-10-31 16:16:28'),
(5, 14, 6, 6, '2024-11-01 16:33:20'),
(6, 14, 6, 7, '2024-11-01 16:33:25'),
(7, 14, 6, 7, '2024-11-01 16:34:29'),
(8, 14, 6, 6, '2024-11-01 16:34:34'),
(9, 14, 6, 7, '2024-11-01 16:37:07'),
(10, 14, 6, 7, '2024-11-01 16:38:39'),
(11, 14, 6, 7, '2024-11-01 16:38:39'),
(12, 14, 5, 6, '2024-11-01 16:38:47'),
(13, 14, 5, 11, '2024-11-02 02:01:48'),
(14, 14, 6, 10, '2024-11-02 02:14:40');

-- --------------------------------------------------------

--
-- Table structure for table `stock_report`
--

CREATE TABLE `stock_report` (
  `report_id` int(11) NOT NULL,
  `product_id` int(11) NOT NULL,
  `store_id` int(11) NOT NULL,
  `user_id` int(11) NOT NULL,
  `quantity_info` int(11) NOT NULL,
  `report_date` datetime NOT NULL,
  `stock_type` enum('used','remaining') NOT NULL
) ENGINE=InnoDB DEFAULT CHARSET=utf8mb4 COLLATE=utf8mb4_general_ci;

--
-- Dumping data for table `stock_report`
--

INSERT INTO `stock_report` (`report_id`, `product_id`, `store_id`, `user_id`, `quantity_info`, `report_date`, `stock_type`) VALUES
(1, 148, 13, 65, 20, '2024-11-03 07:53:13', 'remaining'),
(2, 150, 16, 67, 20, '2024-11-03 08:30:49', 'used');

-- --------------------------------------------------------

--
-- Table structure for table `stores`
--

CREATE TABLE `stores` (
  `store_id` int(11) NOT NULL,
  `store_name` varchar(255) NOT NULL,
  `location_id` int(11) NOT NULL,
  `tel_store` char(10) NOT NULL,
  `update_at` timestamp NOT NULL DEFAULT current_timestamp() ON UPDATE current_timestamp()
) ENGINE=InnoDB DEFAULT CHARSET=utf8mb4 COLLATE=utf8mb4_general_ci;

--
-- Dumping data for table `stores`
--

INSERT INTO `stores` (`store_id`, `store_name`, `location_id`, `tel_store`, `update_at`) VALUES
(1, 'Central World Branch', 1, '0251234567', '2024-10-05 17:53:51'),
(13, 'Central Ladprao Branch', 16, '0825712345', '2024-10-05 18:51:47'),
(15, 'Mega Bangna Branch', 18, '0892987655', '2024-10-12 07:06:51'),
(16, 'Robinson Kanchanaburi Branch', 19, '0875432100', '2024-10-30 10:09:47'),
(18, 'Botoko Ratchaburi', 21, '0878543217', '2024-11-01 08:40:33');

-- --------------------------------------------------------

--
-- Table structure for table `transactions`
--

CREATE TABLE `transactions` (
  `transaction_id` int(11) NOT NULL,
  `product_id` int(11) NOT NULL,
  `user_id` int(11) NOT NULL,
  `transaction_type` enum('purchase','return','transfer') NOT NULL,
  `transaction_date` datetime NOT NULL,
  `transaction_info` text DEFAULT NULL
) ENGINE=InnoDB DEFAULT CHARSET=utf8mb4 COLLATE=utf8mb4_general_ci;

--
-- Dumping data for table `transactions`
--

INSERT INTO `transactions` (`transaction_id`, `product_id`, `user_id`, `transaction_type`, `transaction_date`, `transaction_info`) VALUES
(1, 148, 65, 'purchase', '2024-11-03 08:17:55', 'aaaaaaa');

-- --------------------------------------------------------

--
-- Table structure for table `users`
--

CREATE TABLE `users` (
  `user_id` int(11) NOT NULL,
  `name` varchar(255) NOT NULL,
  `surname` varchar(255) NOT NULL,
  `email` varchar(255) NOT NULL,
  `password` varchar(255) NOT NULL,
  `tel_user` varchar(10) DEFAULT NULL,
  `role` enum('admin','manager','staff') NOT NULL,
  `store_id` int(11) DEFAULT NULL,
  `reset_password` tinyint(1) DEFAULT 0,
  `update_at` timestamp NOT NULL DEFAULT current_timestamp() ON UPDATE current_timestamp()
) ENGINE=InnoDB DEFAULT CHARSET=utf8mb4 COLLATE=utf8mb4_general_ci;

--
-- Dumping data for table `users`
--

INSERT INTO `users` (`user_id`, `name`, `surname`, `email`, `password`, `tel_user`, `role`, `store_id`, `reset_password`, `update_at`) VALUES
(1, 'Chatchai', 'Phongpanich', 'chatchai.p@example.com', '$2y$10$.mWmPC/1986stGwDuZ5ooOmvL6lcid1H1qgbeum7q54YSOuCgD4My', '0821112345', 'admin', NULL, 0, '2024-10-06 15:56:14'),
(53, 'Preecha ', 'Jitjaroen', 'preecha.j@example.com', '$2y$10$D7EPaoM536hUgfOWbHfiruw6s9tFY8.5zarK0cGNESBjGMC6tVaG.', '0821112324', 'manager', 13, 0, '2024-10-05 18:52:44'),
(55, 'suthida', 'Maksee', 'suthida.m@example.com', '$2y$10$VQ/rxAsb778T05pepaaLAuAxowswP0w86NjzFRcMJGf/BC..kj8pC', '0821112345', 'staff', 15, 0, '2024-10-12 07:07:07'),
(58, 'Warut', 'Boonlue', 'warut.b@example.com', '$2y$10$EwD5heL1vZ79na5vS9ksSuLTrLg8nTaD1VdfC3VAL5p19wdxSQf/e', '0883335565', 'manager', 13, 0, '2024-10-12 07:02:11'),
(65, 'Taylor', 'Swift', 'taylor@gmail.com', '$2y$10$VWySig/HwNDhvPJKsymn/.Zti0sFBuHzd89ANeLYqBKdVJqx52wey', '0919750409', 'manager', 13, 0, '2024-10-30 17:53:47'),
(66, 'Justin', 'Beiber', 'justin@gmail.com', '$2y$10$mFbtyu7bSOgtcvYOmjCsUuL9fG//N.J7kQ6d2HCwNo9jobvH8Xrea', '0878543210', 'staff', 13, 0, '2024-10-30 17:53:57'),
(67, 'Max', 'Crepe', 'max@gmail.com', '$2y$10$e/9pSNW7UPtdaTAwD2r6tO3nmUeu2E311013Ws0OHoqI77CXOwhqS', '0989782248', 'manager', 13, 0, '2024-10-30 17:36:07'),
(69, 'Pay', 'Chamket', 'pay@gmail.com', '$2y$10$AYeQBrcLQINuRxkKPO9voegwB3.Bw495zH7rcK1YaB2/z9dBzLu9K', '0926429902', 'staff', 13, 0, '2024-11-01 12:45:54');

--
-- Indexes for dumped tables
--

--
-- Indexes for table `address`
--
ALTER TABLE `address`
  ADD PRIMARY KEY (`location_id`);

--
-- Indexes for table `detail_orders`
--
ALTER TABLE `detail_orders`
  ADD PRIMARY KEY (`detail_order_id`),
  ADD KEY `order_id` (`order_id`),
  ADD KEY `listproduct_id` (`listproduct_id`);

--
-- Indexes for table `issue_orders`
--
ALTER TABLE `issue_orders`
  ADD PRIMARY KEY (`issue_id`),
  ADD KEY `order_id` (`order_id`);

--
-- Indexes for table `orders`
--
ALTER TABLE `orders`
  ADD PRIMARY KEY (`order_id`),
  ADD KEY `store_id` (`store_id`);

--
-- Indexes for table `payments`
--
ALTER TABLE `payments`
  ADD PRIMARY KEY (`payment_id`),
  ADD KEY `order_id` (`order_id`);

--
-- Indexes for table `product`
--
ALTER TABLE `product`
  ADD PRIMARY KEY (`product_id`),
  ADD KEY `listproduct_id` (`listproduct_id`),
  ADD KEY `store_id` (`store_id`),
  ADD KEY `fk_detail_orders_product` (`detail_order_id`);

--
-- Indexes for table `products_info`
--
ALTER TABLE `products_info`
  ADD PRIMARY KEY (`listproduct_id`);

--
-- Indexes for table `product_alert_settings`
--
ALTER TABLE `product_alert_settings`
  ADD PRIMARY KEY (`alert_id`),
  ADD KEY `listproduct_id` (`listproduct_id`);

--
-- Indexes for table `stock_report`
--
ALTER TABLE `stock_report`
  ADD PRIMARY KEY (`report_id`),
  ADD KEY `fk_product_id` (`product_id`),
  ADD KEY `fk_store_id` (`store_id`),
  ADD KEY `fk_user_id` (`user_id`);

--
-- Indexes for table `stores`
--
ALTER TABLE `stores`
  ADD PRIMARY KEY (`store_id`),
  ADD KEY `location_id` (`location_id`);

--
-- Indexes for table `transactions`
--
ALTER TABLE `transactions`
  ADD PRIMARY KEY (`transaction_id`),
  ADD KEY `product_id` (`product_id`),
  ADD KEY `user_id` (`user_id`);

--
-- Indexes for table `users`
--
ALTER TABLE `users`
  ADD PRIMARY KEY (`user_id`),
  ADD UNIQUE KEY `email` (`email`),
  ADD KEY `store_id` (`store_id`);

--
-- AUTO_INCREMENT for dumped tables
--

--
-- AUTO_INCREMENT for table `address`
--
ALTER TABLE `address`
  MODIFY `location_id` int(11) NOT NULL AUTO_INCREMENT, AUTO_INCREMENT=23;

--
-- AUTO_INCREMENT for table `detail_orders`
--
ALTER TABLE `detail_orders`
  MODIFY `detail_order_id` int(11) NOT NULL AUTO_INCREMENT, AUTO_INCREMENT=163;

--
-- AUTO_INCREMENT for table `issue_orders`
--
ALTER TABLE `issue_orders`
  MODIFY `issue_id` int(11) NOT NULL AUTO_INCREMENT, AUTO_INCREMENT=2;

--
-- AUTO_INCREMENT for table `orders`
--
ALTER TABLE `orders`
  MODIFY `order_id` int(11) NOT NULL AUTO_INCREMENT, AUTO_INCREMENT=136;

--
-- AUTO_INCREMENT for table `payments`
--
ALTER TABLE `payments`
  MODIFY `payment_id` int(11) NOT NULL AUTO_INCREMENT, AUTO_INCREMENT=117;

--
-- AUTO_INCREMENT for table `product`
--
ALTER TABLE `product`
  MODIFY `product_id` int(11) NOT NULL AUTO_INCREMENT, AUTO_INCREMENT=377;

--
-- AUTO_INCREMENT for table `products_info`
--
ALTER TABLE `products_info`
  MODIFY `listproduct_id` int(11) NOT NULL AUTO_INCREMENT, AUTO_INCREMENT=72;

--
-- AUTO_INCREMENT for table `product_alert_settings`
--
ALTER TABLE `product_alert_settings`
  MODIFY `alert_id` int(11) NOT NULL AUTO_INCREMENT, AUTO_INCREMENT=15;

--
-- AUTO_INCREMENT for table `stock_report`
--
ALTER TABLE `stock_report`
  MODIFY `report_id` int(11) NOT NULL AUTO_INCREMENT, AUTO_INCREMENT=3;

--
-- AUTO_INCREMENT for table `stores`
--
ALTER TABLE `stores`
  MODIFY `store_id` int(11) NOT NULL AUTO_INCREMENT, AUTO_INCREMENT=20;

--
-- AUTO_INCREMENT for table `transactions`
--
ALTER TABLE `transactions`
  MODIFY `transaction_id` int(11) NOT NULL AUTO_INCREMENT, AUTO_INCREMENT=2;

--
-- AUTO_INCREMENT for table `users`
--
ALTER TABLE `users`
  MODIFY `user_id` int(11) NOT NULL AUTO_INCREMENT, AUTO_INCREMENT=72;

--
-- Constraints for dumped tables
--

--
-- Constraints for table `detail_orders`
--
ALTER TABLE `detail_orders`
  ADD CONSTRAINT `detail_orders_ibfk_1` FOREIGN KEY (`order_id`) REFERENCES `orders` (`order_id`),
  ADD CONSTRAINT `detail_orders_ibfk_2` FOREIGN KEY (`listproduct_id`) REFERENCES `products_info` (`listproduct_id`);

--
-- Constraints for table `issue_orders`
--
ALTER TABLE `issue_orders`
  ADD CONSTRAINT `issue_orders_ibfk_1` FOREIGN KEY (`order_id`) REFERENCES `orders` (`order_id`);

--
-- Constraints for table `orders`
--
ALTER TABLE `orders`
  ADD CONSTRAINT `orders_ibfk_1` FOREIGN KEY (`store_id`) REFERENCES `stores` (`store_id`);

--
-- Constraints for table `payments`
--
ALTER TABLE `payments`
  ADD CONSTRAINT `payments_ibfk_1` FOREIGN KEY (`order_id`) REFERENCES `orders` (`order_id`);

--
-- Constraints for table `product`
--
ALTER TABLE `product`
  ADD CONSTRAINT `fk_detail_orders_product` FOREIGN KEY (`detail_order_id`) REFERENCES `detail_orders` (`detail_order_id`) ON DELETE SET NULL,
  ADD CONSTRAINT `product_ibfk_1` FOREIGN KEY (`listproduct_id`) REFERENCES `products_info` (`listproduct_id`),
  ADD CONSTRAINT `product_ibfk_2` FOREIGN KEY (`store_id`) REFERENCES `stores` (`store_id`);

--
-- Constraints for table `product_alert_settings`
--
ALTER TABLE `product_alert_settings`
  ADD CONSTRAINT `product_alert_settings_ibfk_1` FOREIGN KEY (`listproduct_id`) REFERENCES `products_info` (`listproduct_id`) ON DELETE CASCADE;

--
-- Constraints for table `stock_report`
--
ALTER TABLE `stock_report`
  ADD CONSTRAINT `fk_product_id` FOREIGN KEY (`product_id`) REFERENCES `product` (`product_id`),
  ADD CONSTRAINT `fk_store_id` FOREIGN KEY (`store_id`) REFERENCES `stores` (`store_id`),
  ADD CONSTRAINT `fk_user_id` FOREIGN KEY (`user_id`) REFERENCES `users` (`user_id`);

--
-- Constraints for table `stores`
--
ALTER TABLE `stores`
  ADD CONSTRAINT `stores_ibfk_1` FOREIGN KEY (`location_id`) REFERENCES `address` (`location_id`) ON DELETE CASCADE;

--
-- Constraints for table `transactions`
--
ALTER TABLE `transactions`
  ADD CONSTRAINT `transactions_ibfk_1` FOREIGN KEY (`product_id`) REFERENCES `product` (`product_id`),
  ADD CONSTRAINT `transactions_ibfk_2` FOREIGN KEY (`user_id`) REFERENCES `users` (`user_id`);

--
-- Constraints for table `users`
--
ALTER TABLE `users`
  ADD CONSTRAINT `users_ibfk_1` FOREIGN KEY (`store_id`) REFERENCES `stores` (`store_id`) ON DELETE SET NULL;
COMMIT;

/*!40101 SET CHARACTER_SET_CLIENT=@OLD_CHARACTER_SET_CLIENT */;
/*!40101 SET CHARACTER_SET_RESULTS=@OLD_CHARACTER_SET_RESULTS */;
/*!40101 SET COLLATION_CONNECTION=@OLD_COLLATION_CONNECTION */;
